,Round,Wk,Day,Date,Time,Home,xG,Score,xG.1,Away,Attendance,Venue,Referee,Match Report,Notes,Team1,Team2,Result
0,Regular season,1.0,Fri,8/6/2021,21:00 (22:00),Monaco,1.7,1–1,0.3,Nantes,"7,500",Stade Louis II.,Antony Gautier,Match Report,,1,1,0
1,Regular season,1.0,Sat,8/7/2021,17:00 (18:00),Lyon,1.8,1–1,1.0,Brest,"29,018",Groupama Stadium,Mikael Lesage,Match Report,,1,1,0
2,Regular season,1.0,Sat,8/7/2021,21:00 (22:00),Troyes,0.8,1–2,1.4,Paris S-G,"15,248",Stade de l'Aube,Amaury Delerue,Match Report,,1,2,2
3,Regular season,1.0,Sun,8/8/2021,13:00 (14:00),Rennes,1.0,1–1,1.9,Lens,"22,567",Roazhon Park,Bastien Dechepy,Match Report,,1,1,0
4,Regular season,1.0,Sun,8/8/2021,15:00 (16:00),Bordeaux,1.0,0–2,3.5,Clermont Foot,"18,748",Stade Matmut-Atlantique,Florent Batta,Match Report,,0,2,2
5,Regular season,1.0,Sun,8/8/2021,15:00 (16:00),Strasbourg,0.7,0–2,1.0,Angers,"23,250",Stade de la Meinau,Jeremy Stinat,Match Report,,0,2,2
6,Regular season,1.0,Sun,8/8/2021,15:00 (16:00),Nice,1.1,0–0,0.2,Reims,"18,030",Stade de Nice,Johan Hamel,Match Report,,0,0,0
7,Regular season,1.0,Sun,8/8/2021,15:00 (16:00),Saint-Étienne,2.0,1–1,0.8,Lorient,"20,461",Stade Geoffroy-Guichard,Thomas Léonard,Match Report,,1,1,0
8,Regular season,1.0,Sun,8/8/2021,17:00 (18:00),Metz,1.2,3–3,1.4,Lille,"15,551",Stade Saint-Symphorien,Eric Wattellier,Match Report,,3,3,0
9,Regular season,1.0,Sun,8/8/2021,20:45 (21:45),Montpellier,0.6,2–3,2.4,Marseille,"13,500",Stade de la Mosson,Jérémie Pignard,Match Report,,2,3,2
11,Regular season,2.0,Fri,8/13/2021,21:00 (22:00),Lorient,0.8,1–0,1.3,Monaco,"12,149",Stade Yves Allainmat - Le Moustoir,Hakim Ben El Hadj Salem,Match Report,,1,0,1
12,Regular season,2.0,Sat,8/14/2021,17:00 (18:00),Lille,1.2,0–4,2.0,Nice,"30,144",Stade Pierre-Mauroy,Jérôme Brisard,Match Report,,0,4,2
13,Regular season,2.0,Sat,8/14/2021,21:00 (22:00),Paris S-G,3.2,4–2,0.7,Strasbourg,"46,962",Parc des Princes,Willy Delajod,Match Report,,4,2,1
14,Regular season,2.0,Sun,8/15/2021,13:00 (14:00),Angers,2.1,3–0,0.9,Lyon,"6,154",Stade Raymond Kopa,Clément Turpin,Match Report,,3,0,1
15,Regular season,2.0,Sun,8/15/2021,15:00 (16:00),Clermont Foot,2.3,2–0,0.6,Troyes,"11,005",Stade Gabriel Montpied,Romain Lissorgue,Match Report,,2,0,1
16,Regular season,2.0,Sun,8/15/2021,15:00 (16:00),Brest,2.0,1–1,1.2,Rennes,"14,271",Stade Francis-Le Blé,Benoît Bastien,Match Report,,1,1,0
17,Regular season,2.0,Sun,8/15/2021,15:00 (16:00),Nantes,1.6,2–0,0.8,Metz,"12,054",Stade de la Beaujoire - Louis Fonteneau,Johan Hamel,Match Report,,2,0,1
18,Regular season,2.0,Sun,8/15/2021,15:00 (16:00),Reims,2.0,3–3,1.9,Montpellier,"8,887",Stade Auguste-Delaune II,Jeremy Stinat,Match Report,,3,3,0
19,Regular season,2.0,Sun,8/15/2021,17:00 (18:00),Lens,1.9,2–2,1.1,Saint-Étienne,"35,541",Stade Bollaert-Delelis,Amaury Delerue,Match Report,,2,2,0
20,Regular season,2.0,Sun,8/15/2021,20:45 (21:45),Marseille,1.4,2–2,0.4,Bordeaux,"50,000",Orange Vélodrome,Ruddy Buquet,Match Report,,2,2,0
22,Regular season,3.0,Fri,8/20/2021,21:00 (22:00),Brest,1.4,2–4,1.1,Paris S-G,"14,586",Stade Francis-Le Blé,Eric Wattellier,Match Report,,2,4,2
23,Regular season,3.0,Sat,8/21/2021,17:00 (18:00),Monaco,0.5,0–2,0.7,Lens,"6,483",Stade Louis II.,Jérémie Pignard,Match Report,,0,2,2
24,Regular season,3.0,Sat,8/21/2021,21:00 (22:00),Saint-Étienne,0.6,1–1,1.0,Lille,"20,673",Stade Geoffroy-Guichard,Mikael Lesage,Match Report,,1,1,0
25,Regular season,3.0,Sun,8/22/2021,13:00 (14:00),Lyon,4.0,3–3,1.5,Clermont Foot,"34,713",Groupama Stadium,Thomas Léonard,Match Report,,3,3,0
26,Regular season,3.0,Sun,8/22/2021,15:00 (16:00),Strasbourg,2.6,1–1,1.4,Troyes,"22,185",Stade de la Meinau,Jérôme Brisard,Match Report,,1,1,0
27,Regular season,3.0,Sun,8/22/2021,15:00 (16:00),Metz,0.6,1–1,1.1,Reims,"14,799",Stade Saint-Symphorien,Florent Batta,Match Report,,1,1,0
28,Regular season,3.0,Sun,8/22/2021,15:00 (16:00),Montpellier,3.3,3–1,0.6,Lorient,"6,527",Stade de la Mosson,Bastien Dechepy,Match Report,,3,1,1
29,Regular season,3.0,Sun,8/22/2021,15:00 (16:00),Bordeaux,0.9,1–1,1.0,Angers,"18,281",Stade Matmut-Atlantique,Pierre Gaillouste,Match Report,,1,1,0
30,Regular season,3.0,Sun,8/22/2021,17:00 (18:00),Rennes,1.4,1–0,0.5,Nantes,"27,569",Roazhon Park,Stéphanie Frappart,Match Report,,1,0,1
32,Regular season,4.0,Fri,8/27/2021,21:00 (22:00),Nantes,1.7,0–1,1.4,Lyon,"23,177",Stade de la Beaujoire - Louis Fonteneau,Jérôme Brisard,Match Report,,0,1,2
33,Regular season,4.0,Sat,8/28/2021,17:00 (18:00),Nice,2.7,4–0,1.2,Bordeaux,,Stade de Nice,Jérémie Pignard,Match Report,,4,0,1
34,Regular season,4.0,Sat,8/28/2021,21:00 (22:00),Marseille,2.4,3–1,1.3,Saint-Étienne,"55,039",Orange Vélodrome,Benoît Millot,Match Report,,3,1,1
35,Regular season,4.0,Sun,8/29/2021,13:00 (14:00),Troyes,1.0,1–2,1.9,Monaco,"9,866",Stade de l'Aube,Johan Hamel,Match Report,,1,2,2
36,Regular season,4.0,Sun,8/29/2021,15:00 (16:00),Strasbourg,1.5,3–1,1.0,Brest,"22,341",Stade de la Meinau,Romain Lissorgue,Match Report,,3,1,1
37,Regular season,4.0,Sun,8/29/2021,15:00 (16:00),Angers,2.3,2–0,1.4,Rennes,"6,473",Stade Raymond Kopa,Antony Gautier,Match Report,,2,0,1
38,Regular season,4.0,Sun,8/29/2021,15:00 (16:00),Lens,1.9,2–2,2.0,Lorient,"35,029",Stade Bollaert-Delelis,Willy Delajod,Match Report,,2,2,0
39,Regular season,4.0,Sun,8/29/2021,15:00 (16:00),Clermont Foot,1.7,2–2,1.5,Metz,"11,274",Stade Gabriel Montpied,Hakim Ben El Hadj Salem,Match Report,,2,2,0
40,Regular season,4.0,Sun,8/29/2021,17:00 (18:00),Lille,1.7,2–1,0.5,Montpellier,"28,859",Stade Pierre-Mauroy,Amaury Delerue,Match Report,,2,1,1
41,Regular season,4.0,Sun,8/29/2021,20:45 (21:45),Reims,0.8,0–2,1.5,Paris S-G,"20,525",Stade Auguste-Delaune II,François Letexier,Match Report,,0,2,2
43,Regular season,5.0,Fri,9/10/2021,21:00 (22:00),Lorient,2.1,2–1,1.4,Lille,"10,271",Stade Yves Allainmat - Le Moustoir,Clément Turpin,Match Report,,2,1,1
44,Regular season,5.0,Sat,9/11/2021,17:00 (18:00),Paris S-G,2.3,4–0,1.2,Clermont Foot,"47,329",Parc des Princes,Mikael Lesage,Match Report,,4,0,1
45,Regular season,5.0,Sat,9/11/2021,21:00 (22:00),Monaco,1.0,0–2,1.8,Marseille,"8,615",Stade Louis II.,Stéphanie Frappart,Match Report,,0,2,2
46,Regular season,5.0,Sun,9/12/2021,13:00 (14:00),Montpellier,0.9,2–0,1.0,Saint-Étienne,"10,402",Stade de la Mosson,Benoît Bastien,Match Report,,2,0,1
47,Regular season,5.0,Sun,9/12/2021,15:00 (16:00),Rennes,0.8,0–2,0.7,Reims,"24,486",Roazhon Park,Thomas Léonard,Match Report,,0,2,2
48,Regular season,5.0,Sun,9/12/2021,15:00 (16:00),Bordeaux,0.8,2–3,2.5,Lens,"19,763",Stade Matmut-Atlantique,Luís Godinho,Match Report,,2,3,2
49,Regular season,5.0,Sun,9/12/2021,15:00 (16:00),Brest,1.6,1–1,1.2,Angers,"10,982",Stade Francis-Le Blé,Jeremy Stinat,Match Report,,1,1,0
50,Regular season,5.0,Sun,9/12/2021,15:00 (16:00),Metz,0.9,0–2,1.0,Troyes,"15,269",Stade Saint-Symphorien,Pierre Gaillouste,Match Report,,0,2,2
51,Regular season,5.0,Sun,9/12/2021,17:00 (18:00),Nantes,2.0,0–2,1.7,Nice,"14,597",Stade de la Beaujoire - Louis Fonteneau,Benoît Millot,Match Report,,0,2,2
52,Regular season,5.0,Sun,9/12/2021,20:45 (21:45),Lyon,1.7,3–1,1.8,Strasbourg,"33,267",Groupama Stadium,Ruddy Buquet,Match Report,,3,1,1
54,Regular season,6.0,Fri,9/17/2021,21:00 (22:00),Strasbourg,2.2,3–0,0.9,Metz,"25,437",Stade de la Meinau,Eric Wattellier,Match Report,,3,0,1
55,Regular season,6.0,Sat,9/18/2021,17:00 (18:00),Lens,1.2,1–0,0.8,Lille,"36,512",Stade Bollaert-Delelis,Benoît Millot,Match Report,,1,0,1
56,Regular season,6.0,Sat,9/18/2021,21:00 (22:00),Saint-Étienne,1.6,1–2,2.3,Bordeaux,"23,869",Stade Geoffroy-Guichard,Antony Gautier,Match Report,,1,2,2
57,Regular season,6.0,Sun,9/19/2021,13:00 (14:00),Nice,1.8,2–2,2.4,Monaco,,Stade de Nice,François Letexier,Match Report,,2,2,0
58,Regular season,6.0,Sun,9/19/2021,15:00 (16:00),Troyes,0.9,1–1,0.3,Montpellier,"7,405",Stade de l'Aube,Florent Batta,Match Report,,1,1,0
59,Regular season,6.0,Sun,9/19/2021,15:00 (16:00),Clermont Foot,1.2,1–1,0.5,Brest,"11,224",Stade Gabriel Montpied,Bastien Dechepy,Match Report,,1,1,0
60,Regular season,6.0,Sun,9/19/2021,15:00 (16:00),Reims,1.0,0–0,0.4,Lorient,"9,443",Stade Auguste-Delaune II,Hakim Ben El Hadj Salem,Match Report,,0,0,0
61,Regular season,6.0,Sun,9/19/2021,15:00 (16:00),Angers,0.9,1–4,2.2,Nantes,"9,046",Stade Raymond Kopa,Amaury Delerue,Match Report,,1,4,2
62,Regular season,6.0,Sun,9/19/2021,17:00 (18:00),Marseille,2.2,2–0,1.7,Rennes,"54,188",Orange Vélodrome,Willy Delajod,Match Report,,2,0,1
63,Regular season,6.0,Sun,9/19/2021,20:45 (21:45),Paris S-G,1.9,2–1,0.8,Lyon,"47,611",Parc des Princes,Clément Turpin,Match Report,,2,1,1
65,Regular season,7.0,Wed,9/22/2021,19:00 (20:00),Rennes,2.6,6–0,0.3,Clermont Foot,"24,109",Roazhon Park,Benoît Bastien,Match Report,,6,0,1
66,Regular season,7.0,Wed,9/22/2021,19:00 (20:00),Nantes,1.4,3–1,1.1,Brest,"19,676",Stade de la Beaujoire - Louis Fonteneau,Thomas Léonard,Match Report,,3,1,1
67,Regular season,7.0,Wed,9/22/2021,19:00 (20:00),Lille,1.0,2–1,1.4,Reims,"32,604",Stade Pierre-Mauroy,Johan Hamel,Match Report,,2,1,1
68,Regular season,7.0,Wed,9/22/2021,19:00 (20:00),Montpellier,1.6,3–3,1.3,Bordeaux,"9,585",Stade de la Mosson,Mikael Lesage,Match Report,,3,3,0
69,Regular season,7.0,Wed,9/22/2021,19:00 (20:00),Monaco,1.9,3–1,0.4,Saint-Étienne,"3,579",Stade Louis II.,Jérôme Brisard,Match Report,,3,1,1
70,Regular season,7.0,Wed,9/22/2021,21:00 (22:00),Lyon,1.9,3–1,1.6,Troyes,"29,714",Groupama Stadium,Stéphanie Frappart,Match Report,,3,1,1
71,Regular season,7.0,Wed,9/22/2021,21:00 (22:00),Lens,2.0,0–1,1.2,Strasbourg,,Stade Bollaert-Delelis,Jeremy Stinat,Match Report,,0,1,2
72,Regular season,7.0,Wed,9/22/2021,21:00 (22:00),Lorient,0.4,1–0,2.5,Nice,"10,687",Stade Yves Allainmat - Le Moustoir,Romain Lissorgue,Match Report,,1,0,1
73,Regular season,7.0,Wed,9/22/2021,21:00 (22:00),Angers,0.5,0–0,0.8,Marseille,"12,458",Stade Raymond Kopa,Ruddy Buquet,Match Report,,0,0,0
74,Regular season,7.0,Wed,9/22/2021,21:00 (22:00),Metz,0.9,1–2,1.3,Paris S-G,"2,661",Stade Saint-Symphorien,Jérémie Pignard,Match Report,,1,2,2
76,Regular season,8.0,Sat,9/25/2021,17:00 (18:00),Saint-Étienne,0.7,0–3,2.5,Nice,"19,980",Stade Geoffroy-Guichard,Amaury Delerue,Match Report,,0,3,2
77,Regular season,8.0,Sat,9/25/2021,19:00 (20:00),Strasbourg,0.6,1–2,2.3,Lille,"23,762",Stade de la Meinau,François Letexier,Match Report,,1,2,2
78,Regular season,8.0,Sat,9/25/2021,21:00 (22:00),Paris S-G,2.3,2–0,0.3,Montpellier,"47,408",Parc des Princes,Antony Gautier,Match Report,,2,0,1
79,Regular season,8.0,Sat,9/25/2021,21:00 (22:00),Lyon,1.2,1–1,0.8,Lorient,"36,424",Groupama Stadium,Bastien Dechepy,Match Report,,1,1,0
80,Regular season,8.0,Sun,9/26/2021,13:00 (14:00),Bordeaux,0.8,1–1,2.1,Rennes,"16,675",Stade Matmut-Atlantique,Hakim Ben El Hadj Salem,Match Report,,1,1,0
81,Regular season,8.0,Sun,9/26/2021,15:00 (16:00),Troyes,1.4,1–1,1.3,Angers,"6,868",Stade de l'Aube,Thomas Léonard,Match Report,,1,1,0
82,Regular season,8.0,Sun,9/26/2021,15:00 (16:00),Brest,1.4,1–2,0.5,Metz,"10,398",Stade Francis-Le Blé,Willy Delajod,Match Report,,1,2,2
83,Regular season,8.0,Sun,9/26/2021,15:00 (16:00),Reims,1.0,3–1,0.8,Nantes,280,Stade Auguste-Delaune II,Eric Wattellier,Match Report,,3,1,1
84,Regular season,8.0,Sun,9/26/2021,17:00 (18:00),Clermont Foot,1.3,1–3,1.8,Monaco,"11,529",Stade Gabriel Montpied,Benoît Millot,Match Report,,1,3,2
85,Regular season,8.0,Sun,9/26/2021,20:45 (21:45),Marseille,1.9,2–3,1.9,Lens,"50,001",Orange Vélodrome,Mikael Lesage,Match Report,,2,3,2
87,Regular season,9.0,Fri,10/1/2021,21:00 (22:00),Lens,2.4,2–0,0.2,Reims,,Stade Bollaert-Delelis,Benoît Bastien,Match Report,,2,0,1
88,Regular season,9.0,Sat,10/2/2021,17:00 (18:00),Montpellier,1.0,1–1,0.4,Strasbourg,"9,851",Stade de la Mosson,Hakim Ben El Hadj Salem,Match Report,,1,1,0
89,Regular season,9.0,Sat,10/2/2021,21:00 (22:00),Nice,4.0,2–1,0.6,Brest,"13,503",Stade de Nice,António Nobre,Match Report,,2,1,1
90,Regular season,9.0,Sun,10/3/2021,13:00 (14:00),Rennes,1.0,2–0,1.6,Paris S-G,"28,092",Roazhon Park,Ruddy Buquet,Match Report,,2,0,1
91,Regular season,9.0,Sun,10/3/2021,15:00 (16:00),Lorient,0.7,1–1,1.2,Clermont Foot,"12,611",Stade Yves Allainmat - Le Moustoir,Pierre Gaillouste,Match Report,,1,1,0
92,Regular season,9.0,Sun,10/3/2021,15:00 (16:00),Monaco,1.8,3–0,0.3,Bordeaux,"3,667",Stade Louis II.,Clément Turpin,Match Report,,3,0,1
93,Regular season,9.0,Sun,10/3/2021,15:00 (16:00),Angers,2.6,3–2,1.2,Metz,"3,989",Stade Raymond Kopa,Stéphanie Frappart,Match Report,,3,2,1
94,Regular season,9.0,Sun,10/3/2021,15:00 (16:00),Nantes,1.7,2–0,1.5,Troyes,"15,150",Stade de la Beaujoire - Louis Fonteneau,Jérôme Brisard,Match Report,,2,0,1
95,Regular season,9.0,Sun,10/3/2021,17:00 (18:00),Lille,3.1,2–0,0.6,Marseille,"44,839",Stade Pierre-Mauroy,Jérémie Pignard,Match Report,,2,0,1
96,Regular season,9.0,Sun,10/3/2021,20:45 (21:45),Saint-Étienne,2.6,1–1,1.6,Lyon,"33,643",Stade Geoffroy-Guichard,François Letexier,Match Report,,1,1,0
98,Regular season,10.0,Fri,10/15/2021,21:00 (22:00),Paris S-G,2.1,2–1,1.0,Angers,"47,646",Parc des Princes,Bastien Dechepy,Match Report,,2,1,1
99,Regular season,10.0,Sat,10/16/2021,17:00 (18:00),Clermont Foot,0.3,1–0,1.1,Lille,"11,537",Stade Gabriel Montpied,Eric Wattellier,Match Report,,1,0,1
100,Regular season,10.0,Sat,10/16/2021,21:00 (22:00),Lyon,2.6,2–0,0.9,Monaco,"50,585",Groupama Stadium,Amaury Delerue,Match Report,,2,0,1
101,Regular season,10.0,Sun,10/17/2021,13:00 (14:00),Troyes,0.9,1–0,0.7,Nice,"7,925",Stade de l'Aube,Johan Hamel,Match Report,,1,0,1
102,Regular season,10.0,Sun,10/17/2021,15:00 (16:00),Brest,1.0,1–1,0.9,Reims,"9,693",Stade Francis-Le Blé,Jeremy Stinat,Match Report,,1,1,0
103,Regular season,10.0,Sun,10/17/2021,15:00 (16:00),Bordeaux,0.8,1–1,1.1,Nantes,"39,510",Stade Matmut-Atlantique,Willy Delajod,Match Report,,1,1,0
104,Regular season,10.0,Sun,10/17/2021,15:00 (16:00),Metz,0.9,0–3,2.1,Rennes,"15,679",Stade Saint-Symphorien,Benoît Millot,Match Report,,0,3,2
105,Regular season,10.0,Sun,10/17/2021,15:00 (16:00),Strasbourg,2.2,5–1,1.0,Saint-Étienne,"25,371",Stade de la Meinau,Mikael Lesage,Match Report,,5,1,1
106,Regular season,10.0,Sun,10/17/2021,17:00 (18:00),Montpellier,1.8,1–0,1.3,Lens,"12,474",Stade de la Mosson,Florent Batta,Match Report,,1,0,1
107,Regular season,10.0,Sun,10/17/2021,20:45 (21:45),Marseille,2.3,4–1,2.4,Lorient,"57,349",Orange Vélodrome,Antony Gautier,Match Report,,4,1,1
109,Regular season,11.0,Fri,10/22/2021,21:00 (22:00),Saint-Étienne,1.7,2–2,0.7,Angers,"19,836",Stade Geoffroy-Guichard,Antony Gautier,Match Report,,2,2,0
110,Regular season,11.0,Sat,10/23/2021,17:00 (18:00),Nantes,1.2,2–1,0.8,Clermont Foot,"19,968",Stade de la Beaujoire - Louis Fonteneau,Romain Lissorgue,Match Report,,2,1,1
111,Regular season,11.0,Sat,10/23/2021,21:00 (22:00),Lille,1.7,1–1,1.2,Brest,"32,613",Stade Pierre-Mauroy,Clément Turpin,Match Report,,1,1,0
112,Regular season,11.0,Sun,10/24/2021,13:00 (14:00),Nice,2.7,3–2,1.3,Lyon,"24,519",Stade de Nice,Jérôme Brisard,Match Report,,3,2,1
113,Regular season,11.0,Sun,10/24/2021,15:00 (16:00),Rennes,1.4,1–0,0.8,Strasbourg,"27,185",Roazhon Park,Stéphanie Frappart,Match Report,,1,0,1
114,Regular season,11.0,Sun,10/24/2021,15:00 (16:00),Lens,1.9,4–1,0.8,Metz,"35,673",Stade Bollaert-Delelis,Jérémie Pignard,Match Report,,4,1,1
115,Regular season,11.0,Sun,10/24/2021,15:00 (16:00),Lorient,1.3,1–1,1.3,Bordeaux,"11,678",Stade Yves Allainmat - Le Moustoir,Thomas Léonard,Match Report,,1,1,0
116,Regular season,11.0,Sun,10/24/2021,15:00 (16:00),Reims,1.0,1–2,1.0,Troyes,"12,326",Stade Auguste-Delaune II,Pierre Gaillouste,Match Report,,1,2,2
117,Regular season,11.0,Sun,10/24/2021,17:00 (18:00),Monaco,1.4,3–1,1.5,Montpellier,"4,861",Stade Louis II.,François Letexier,Match Report,,3,1,1
118,Regular season,11.0,Sun,10/24/2021,20:45 (21:45),Marseille,1.4,0–0,1.5,Paris S-G,"65,121",Orange Vélodrome,Benoît Bastien,Match Report,,0,0,0
120,Regular season,3.0,Wed,10/27/2021,21:00 (22:00),Nice,1.9,1–1,0.7,Marseille,,Stade de l'Aube,Clément Turpin,Match Report,,1,1,0
122,Regular season,12.0,Fri,10/29/2021,21:00 (22:00),Paris S-G,2.3,2–1,2.0,Lille,"47,874",Parc des Princes,Amaury Delerue,Match Report,,2,1,1
123,Regular season,12.0,Sat,10/30/2021,17:00 (18:00),Metz,0.5,1–1,0.6,Saint-Étienne,"15,914",Stade Saint-Symphorien,Stéphanie Frappart,Match Report,,1,1,0
124,Regular season,12.0,Sat,10/30/2021,21:00 (22:00),Lyon,2.3,2–1,2.3,Lens,"50,373",Groupama Stadium,Mikael Lesage,Match Report,,2,1,1
125,Regular season,12.0,Sun,10/31/2021,13:00 (15:00),Angers,1.1,1–2,1.1,Nice,"6,788",Stade Raymond Kopa,Willy Delajod,Match Report,,1,2,2
126,Regular season,12.0,Sun,10/31/2021,15:00 (17:00),Bordeaux,1.9,3–2,1.6,Reims,"11,020",Stade Matmut-Atlantique,Eric Wattellier,Match Report,,3,2,1
127,Regular season,12.0,Sun,10/31/2021,15:00 (17:00),Troyes,2.1,2–2,1.9,Rennes,"8,550",Stade de l'Aube,Jeremy Stinat,Match Report,,2,2,0
128,Regular season,12.0,Sun,10/31/2021,15:00 (17:00),Montpellier,1.3,2–0,1.1,Nantes,"11,267",Stade de la Mosson,Bastien Dechepy,Match Report,,2,0,1
129,Regular season,12.0,Sun,10/31/2021,15:00 (17:00),Strasbourg,2.3,4–0,1.5,Lorient,"24,002",Stade de la Meinau,Florent Batta,Match Report,,4,0,1
130,Regular season,12.0,Sun,10/31/2021,17:00 (19:00),Brest,1.4,2–0,0.5,Monaco,"12,463",Stade Francis-Le Blé,Johan Hamel,Match Report,,2,0,1
131,Regular season,12.0,Sun,10/31/2021,20:45 (22:45),Clermont Foot,0.8,0–1,1.3,Marseille,"12,240",Stade Gabriel Montpied,Benoît Millot,Match Report,,0,1,2
133,Regular season,13.0,Fri,11/5/2021,21:00 (23:00),Lens,3.3,4–0,0.6,Troyes,"35,706",Stade Bollaert-Delelis,Thomas Léonard,Match Report,,4,0,1
134,Regular season,13.0,Sat,11/6/2021,17:00 (19:00),Lille,1.4,1–1,1.1,Angers,"33,305",Stade Pierre-Mauroy,François Letexier,Match Report,,1,1,0
135,Regular season,13.0,Sat,11/6/2021,21:00 (23:00),Bordeaux,1.2,2–3,2.0,Paris S-G,"41,172",Stade Matmut-Atlantique,Ruddy Buquet,Match Report,,2,3,2
136,Regular season,13.0,Sun,11/7/2021,13:00 (15:00),Marseille,1.7,0–0,1.5,Metz,"61,539",Orange Vélodrome,Jérôme Brisard,Match Report,,0,0,0
137,Regular season,13.0,Sun,11/7/2021,15:00 (17:00),Saint-Étienne,2.0,3–2,0.9,Clermont Foot,,Stade Geoffroy-Guichard,Pierre Gaillouste,Match Report,,3,2,1
138,Regular season,13.0,Sun,11/7/2021,15:00 (17:00),Lorient,1.6,1–2,2.6,Brest,"14,649",Stade Yves Allainmat - Le Moustoir,Romain Lissorgue,Match Report,,1,2,2
139,Regular season,13.0,Sun,11/7/2021,15:00 (17:00),Reims,0.5,0–0,0.9,Monaco,"12,080",Stade Auguste-Delaune II,Jérémie Pignard,Match Report,,0,0,0
140,Regular season,13.0,Sun,11/7/2021,15:00 (17:00),Nantes,2.7,2–2,2.3,Strasbourg,"18,853",Stade de la Beaujoire - Louis Fonteneau,Clément Turpin,Match Report,,2,2,0
141,Regular season,13.0,Sun,11/7/2021,17:00 (19:00),Nice,1.6,0–1,0.5,Montpellier,"20,157",Stade de Nice,Antony Gautier,Match Report,,0,1,2
142,Regular season,13.0,Sun,11/7/2021,20:45 (22:45),Rennes,3.7,4–1,1.2,Lyon,"28,222",Roazhon Park,Benoît Bastien,Match Report,,4,1,1
144,Regular season,14.0,Fri,11/19/2021,21:00 (23:00),Monaco,1.6,2–2,2.4,Lille,"3,778",Stade Louis II.,Willy Delajod,Match Report,,2,2,0
145,Regular season,14.0,Sat,11/20/2021,17:00 (19:00),Paris S-G,2.0,3–1,1.5,Nantes,"47,777",Parc des Princes,Jeremy Stinat,Match Report,,3,1,1
146,Regular season,14.0,Sat,11/20/2021,21:00 (23:00),Rennes,3.5,2–0,0.4,Montpellier,"27,003",Roazhon Park,Mikael Lesage,Match Report,,2,0,1
147,Regular season,14.0,Sun,11/21/2021,13:00 (15:00),Brest,1.4,4–0,1.1,Lens,"12,462",Stade Francis-Le Blé,Eric Wattellier,Match Report,,4,0,1
148,Regular season,14.0,Sun,11/21/2021,15:00 (17:00),Metz,1.4,3–3,2.4,Bordeaux,"16,077",Stade Saint-Symphorien,Benoît Millot,Match Report,,3,3,0
149,Regular season,14.0,Sun,11/21/2021,15:00 (17:00),Angers,1.5,1–0,0.7,Lorient,"6,971",Stade Raymond Kopa,Pierre Gaillouste,Match Report,,1,0,1
150,Regular season,14.0,Sun,11/21/2021,15:00 (17:00),Troyes,1.4,0–1,1.5,Saint-Étienne,"10,644",Stade de l'Aube,Florent Batta,Match Report,,0,1,2
151,Regular season,14.0,Sun,11/21/2021,15:00 (17:00),Strasbourg,2.3,1–1,1.1,Reims,"24,439",Stade de la Meinau,Amaury Delerue,Match Report,,1,1,0
152,Regular season,14.0,Sun,11/21/2021,17:00 (19:00),Clermont Foot,0.9,1–2,0.8,Nice,"11,683",Stade Gabriel Montpied,Stéphanie Frappart,Match Report,,1,2,2
154,Regular season,15.0,Fri,11/26/2021,21:00 (23:00),Lens,1.4,2–2,1.8,Angers,"35,713",Stade Bollaert-Delelis,Florent Batta,Match Report,,2,2,0
155,Regular season,15.0,Sat,11/27/2021,17:00 (19:00),Lille,1.4,1–1,0.5,Nantes,"30,419",Stade Pierre-Mauroy,Johan Hamel,Match Report,,1,1,0
156,Regular season,15.0,Sat,11/27/2021,21:00 (23:00),Nice,1.5,0–1,0.6,Metz,"17,033",Stade de Nice,François Letexier,Match Report,,0,1,2
157,Regular season,15.0,Sun,11/28/2021,13:00 (15:00),Saint-Étienne,0.9,1–3,2.6,Paris S-G,"24,586",Stade Geoffroy-Guichard,Jérôme Brisard,Match Report,,1,3,2
158,Regular season,15.0,Sun,11/28/2021,15:00 (17:00),Reims,0.8,1–0,0.4,Clermont Foot,"8,420",Stade Auguste-Delaune II,Benoît Bastien,Match Report,,1,0,1
159,Regular season,15.0,Sun,11/28/2021,15:00 (17:00),Lorient,0.7,0–2,1.2,Rennes,"16,321",Stade Yves Allainmat - Le Moustoir,Bastien Dechepy,Match Report,,0,2,2
160,Regular season,15.0,Sun,11/28/2021,15:00 (17:00),Bordeaux,1.5,1–2,2.4,Brest,"15,280",Stade Matmut-Atlantique,Pierre Gaillouste,Match Report,,1,2,2
161,Regular season,15.0,Sun,11/28/2021,15:00 (17:00),Monaco,2.0,1–1,1.1,Strasbourg,"3,478",Stade Louis II.,Antony Gautier,Match Report,,1,1,0
162,Regular season,15.0,Sun,11/28/2021,17:00 (19:00),Montpellier,1.3,0–1,1.0,Lyon,"14,747",Stade de la Mosson,Thomas Léonard,Match Report,,0,1,2
163,Regular season,15.0,Sun,11/28/2021,20:45 (22:45),Marseille,1.5,1–0,0.2,Troyes,,Orange Vélodrome,Jérémie Pignard,Match Report,,1,0,1
165,Regular season,16.0,Wed,12/1/2021,19:00 (21:00),Angers,1.3,1–3,3.0,Monaco,"8,267",Stade Raymond Kopa,Romain Lissorgue,Match Report,,1,3,2
166,Regular season,16.0,Wed,12/1/2021,19:00 (21:00),Troyes,1.1,2–0,0.7,Lorient,"6,506",Stade de l'Aube,Jeremy Stinat,Match Report,,2,0,1
167,Regular season,16.0,Wed,12/1/2021,19:00 (21:00),Strasbourg,3.0,5–2,1.1,Bordeaux,"24,378",Stade de la Meinau,Willy Delajod,Match Report,,5,2,1
168,Regular season,16.0,Wed,12/1/2021,19:00 (21:00),Brest,1.5,1–0,0.8,Saint-Étienne,"13,248",Stade Francis-Le Blé,Mikael Lesage,Match Report,,1,0,1
169,Regular season,16.0,Wed,12/1/2021,19:00 (21:00),Metz,1.4,1–3,1.5,Montpellier,"13,992",Stade Saint-Symphorien,Ruddy Buquet,Match Report,,1,3,2
170,Regular season,16.0,Wed,12/1/2021,21:00 (23:00),Rennes,1.0,1–2,0.7,Lille,"25,392",Roazhon Park,Stéphanie Frappart,Match Report,,1,2,2
171,Regular season,16.0,Wed,12/1/2021,21:00 (23:00),Nantes,0.1,0–1,1.0,Marseille,"34,018",Stade de la Beaujoire - Louis Fonteneau,Eric Wattellier,Match Report,,0,1,2
172,Regular season,16.0,Wed,12/1/2021,21:00 (23:00),Paris S-G,2.0,0–0,1.0,Nice,"47,502",Parc des Princes,Clément Turpin,Match Report,,0,0,0
173,Regular season,16.0,Wed,12/1/2021,21:00 (23:00),Lyon,2.5,1–2,1.3,Reims,,Groupama Stadium,Benoît Millot,Match Report,,1,2,2
174,Regular season,16.0,Wed,12/1/2021,21:00 (23:00),Clermont Foot,2.1,2–2,1.1,Lens,"11,948",Stade Gabriel Montpied,Amaury Delerue,Match Report,,2,2,0
176,Regular season,17.0,Sat,12/4/2021,17:00 (19:00),Marseille,2.0,1–2,1.5,Brest,"54,413",Orange Vélodrome,Antony Gautier,Match Report,,1,2,2
177,Regular season,17.0,Sat,12/4/2021,19:00 (21:00),Lille,1.4,2–1,0.4,Troyes,"28,286",Stade Pierre-Mauroy,Benoît Bastien,Match Report,,2,1,1
178,Regular season,17.0,Sat,12/4/2021,21:00 (23:00),Lens,1.3,1–1,2.1,Paris S-G,"36,685",Stade Bollaert-Delelis,François Letexier,Match Report,,1,1,0
179,Regular season,17.0,Sun,12/5/2021,13:00 (15:00),Saint-Étienne,0.6,0–5,2.7,Rennes,"11,257",Stade Geoffroy-Guichard,Thomas Léonard,Match Report,,0,5,2
180,Regular season,17.0,Sun,12/5/2021,15:00 (17:00),Montpellier,1.0,1–0,0.6,Clermont Foot,"9,643",Stade de la Mosson,Florent Batta,Match Report,,1,0,1
181,Regular season,17.0,Sun,12/5/2021,15:00 (17:00),Monaco,1.8,4–0,0.6,Metz,"4,923",Stade Louis II.,Bastien Dechepy,Match Report,,4,0,1
182,Regular season,17.0,Sun,12/5/2021,15:00 (17:00),Reims,1.1,1–2,1.8,Angers,"8,238",Stade Auguste-Delaune II,Johan Hamel,Match Report,,1,2,2
183,Regular season,17.0,Sun,12/5/2021,15:00 (17:00),Lorient,1.1,0–1,0.2,Nantes,"16,025",Stade Yves Allainmat - Le Moustoir,Ruddy Buquet,Match Report,,0,1,2
184,Regular season,17.0,Sun,12/5/2021,17:00 (19:00),Nice,1.3,0–3,2.5,Strasbourg,"16,220",Stade de Nice,Jérémie Pignard,Match Report,,0,3,2
185,Regular season,17.0,Sun,12/5/2021,20:45 (22:45),Bordeaux,2.7,2–2,2.5,Lyon,"25,210",Stade Matmut-Atlantique,Jérôme Brisard,Match Report,,2,2,0
187,Regular season,18.0,Fri,12/10/2021,21:00 (23:00),Nantes,1.5,3–2,0.9,Lens,"21,890",Stade de la Beaujoire - Louis Fonteneau,Stéphanie Frappart,Match Report,,3,2,1
188,Regular season,18.0,Sat,12/11/2021,17:00 (19:00),Brest,1.2,0–4,1.7,Montpellier,"13,111",Stade Francis-Le Blé,Benoît Millot,Match Report,,0,4,2
189,Regular season,18.0,Sat,12/11/2021,21:00 (23:00),Reims,2.5,2–0,0.3,Saint-Étienne,"12,019",Stade Auguste-Delaune II,Pierre Gaillouste,Match Report,,2,0,1
190,Regular season,18.0,Sun,12/12/2021,13:00 (15:00),Lille,1.5,0–0,0.5,Lyon,"40,248",Stade Pierre-Mauroy,Amaury Delerue,Match Report,,0,0,0
191,Regular season,18.0,Sun,12/12/2021,15:00 (17:00),Angers,1.7,0–1,1.9,Clermont Foot,"8,149",Stade Raymond Kopa,Jeremy Stinat,Match Report,,0,1,2
192,Regular season,18.0,Sun,12/12/2021,15:00 (17:00),Rennes,1.8,1–2,1.6,Nice,"27,892",Roazhon Park,Willy Delajod,Match Report,,1,2,2
193,Regular season,18.0,Sun,12/12/2021,15:00 (17:00),Troyes,1.8,1–2,1.1,Bordeaux,"7,950",Stade de l'Aube,Romain Lissorgue,Match Report,,1,2,2
194,Regular season,18.0,Sun,12/12/2021,15:00 (17:00),Metz,0.9,4–1,1.4,Lorient,"14,037",Stade Saint-Symphorien,Eric Wattellier,Match Report,,4,1,1
195,Regular season,18.0,Sun,12/12/2021,17:00 (19:00),Strasbourg,2.0,0–2,1.0,Marseille,"26,028",Stade de la Meinau,Mikael Lesage,Match Report,,0,2,2
196,Regular season,18.0,Sun,12/12/2021,20:45 (22:45),Paris S-G,1.8,2–0,0.9,Monaco,"41,154",Parc des Princes,Benoît Bastien,Match Report,,2,0,1
198,Regular season,19.0,Wed,12/22/2021,21:00 (23:00),Lyon,2.5,1–1,0.7,Metz,"34,867",Groupama Stadium,Pierre Gaillouste,Match Report,,1,1,0
199,Regular season,19.0,Wed,12/22/2021,21:00 (23:00),Saint-Étienne,1.2,0–1,0.9,Nantes,"23,681",Stade Geoffroy-Guichard,Clément Turpin,Match Report,,0,1,2
200,Regular season,19.0,Wed,12/22/2021,21:00 (23:00),Lorient,1.8,1–1,2.0,Paris S-G,"16,603",Stade Yves Allainmat - Le Moustoir,Jérémie Pignard,Match Report,,1,1,0
201,Regular season,19.0,Wed,12/22/2021,21:00 (23:00),Nice,0.8,2–1,1.3,Lens,"22,065",Stade de Nice,Jérôme Brisard,Match Report,,2,1,1
202,Regular season,19.0,Wed,12/22/2021,21:00 (23:00),Monaco,1.9,2–1,1.4,Rennes,"5,354",Stade Louis II.,Ruddy Buquet,Match Report,,2,1,1
203,Regular season,19.0,Wed,12/22/2021,21:00 (23:00),Marseille,1.7,1–1,0.7,Reims,"55,908",Orange Vélodrome,François Letexier,Match Report,,1,1,0
204,Regular season,19.0,Wed,12/22/2021,21:00 (23:00),Montpellier,1.3,4–1,0.7,Angers,"10,990",Stade de la Mosson,Hugo Miguel,Match Report,,4,1,1
205,Regular season,19.0,Wed,12/22/2021,21:00 (23:00),Troyes,1.3,1–1,0.9,Brest,"6,872",Stade de l'Aube,Johan Hamel,Match Report,,1,1,0
206,Regular season,19.0,Wed,12/22/2021,21:00 (23:00),Bordeaux,1.0,2–3,1.4,Lille,"39,967",Stade Matmut-Atlantique,Mikael Lesage,Match Report,,2,3,2
208,Regular season,20.0,Fri,1/7/2022,21:00 (23:00),Bordeaux,0.6,0–1,2.3,Marseille,,Stade Matmut-Atlantique,Eric Wattellier,Match Report,,0,1,2
209,Regular season,20.0,Sat,1/8/2022,21:00 (23:00),Lens,0.9,1–0,0.5,Rennes,"5,000",Stade Bollaert-Delelis,Benoît Bastien,Match Report,,1,0,1
210,Regular season,20.0,Sun,1/9/2022,13:00 (15:00),Brest,1.9,0–3,1.6,Nice,"5,102",Stade Francis-Le Blé,Stéphanie Frappart,Match Report,,0,3,2
211,Regular season,20.0,Sun,1/9/2022,15:00 (17:00),Metz,0.4,0–2,2.8,Strasbourg,"5,000",Stade Saint-Symphorien,Antony Gautier,Match Report,,0,2,2
212,Regular season,20.0,Sun,1/9/2022,15:00 (17:00),Clermont Foot,0.9,0–0,0.9,Reims,"4,923",Stade Gabriel Montpied,Romain Lissorgue,Match Report,,0,0,0
213,Regular season,20.0,Sun,1/9/2022,17:05 (19:05),Nantes,0.6,0–0,0.8,Monaco,"4,133",Stade de la Beaujoire - Louis Fonteneau,Thomas Léonard,Match Report,,0,0,0
214,Regular season,20.0,Sun,1/9/2022,20:45 (22:45),Lyon,1.3,1–1,1.8,Paris S-G,"4,977",Groupama Stadium,François Letexier,Match Report,,1,1,0
216,Regular season,21.0,Fri,1/14/2022,21:00 (23:00),Nice,2.1,2–1,1.2,Nantes,"5,000",Stade de Nice,Ruddy Buquet,Match Report,,2,1,1
217,Regular season,21.0,Sat,1/15/2022,17:00 (19:00),Saint-Étienne,1.4,1–2,1.3,Lens,"5,000",Stade Geoffroy-Guichard,François Letexier,Match Report,,1,2,2
218,Regular season,21.0,Sat,1/15/2022,21:00 (23:00),Paris S-G,2.7,2–0,0.8,Brest,"4,925",Parc des Princes,Mikael Lesage,Match Report,,2,0,1
219,Regular season,21.0,Sun,1/16/2022,13:00 (15:00),Rennes,3.5,6–0,0.7,Bordeaux,"4,951",Roazhon Park,Bastien Dechepy,Match Report,,6,0,1
220,Regular season,21.0,Sun,1/16/2022,15:00 (17:00),Reims,0.7,0–1,1.1,Metz,"3,923",Stade Auguste-Delaune II,Jérémie Pignard,Match Report,,0,1,2
221,Regular season,21.0,Sun,1/16/2022,15:00 (17:00),Monaco,3.7,4–0,0.5,Clermont Foot,"2,633",Stade Louis II.,Jeremy Stinat,Match Report,,4,0,1
222,Regular season,21.0,Sun,1/16/2022,15:00 (17:00),Lorient,0.7,0–0,0.6,Angers,"4,387",Stade Yves Allainmat - Le Moustoir,Johan Hamel,Match Report,,0,0,0
223,Regular season,21.0,Sun,1/16/2022,15:00 (17:00),Strasbourg,2.0,3–1,0.8,Montpellier,"5,217",Stade de la Meinau,Pierre Gaillouste,Match Report,,3,1,1
224,Regular season,21.0,Sun,1/16/2022,17:05 (19:05),Troyes,0.4,0–1,2.7,Lyon,"4,224",Stade de l'Aube,Jérôme Brisard,Match Report,,0,1,2
225,Regular season,21.0,Sun,1/16/2022,20:45 (22:45),Marseille,1.9,1–1,0.9,Lille,"5,034",Orange Vélodrome,Amaury Delerue,Match Report,,1,1,0
227,Regular season,19.0,Wed,1/19/2022,19:00 (21:00),Clermont Foot,0.9,0–2,1.7,Strasbourg,"4,219",Stade Gabriel Montpied,Bastien Dechepy,Match Report,,0,2,2
229,Regular season,20.0,Wed,1/19/2022,19:00 (21:00),Montpellier,0.8,0–1,0.8,Troyes,"4,943",Stade de la Mosson,Jeremy Stinat,Match Report,,0,1,2
230,Regular season,20.0,Wed,1/19/2022,19:00 (21:00),Lille,1.6,3–1,1.4,Lorient,"4,834",Stade Pierre-Mauroy,Florent Batta,Match Report,,3,1,1
232,Regular season,22.0,Fri,1/21/2022,21:00 (23:00),Lyon,2.4,1–0,0.2,Saint-Étienne,"5,000",Groupama Stadium,Antony Gautier,Match Report,,1,0,1
233,Regular season,22.0,Sat,1/22/2022,17:00 (19:00),Brest,1.3,2–0,1.7,Lille,"4,358",Stade Francis-Le Blé,Jérôme Brisard,Match Report,,2,0,1
234,Regular season,22.0,Sat,1/22/2022,21:00 (23:00),Lens,0.8,0–2,1.5,Marseille,"5,000",Stade Bollaert-Delelis,Stéphanie Frappart,Match Report,,0,2,2
235,Regular season,22.0,Sun,1/23/2022,13:00 (15:00),Metz,0.4,0–2,2.1,Nice,"5,000",Stade Saint-Symphorien,Amaury Delerue,Match Report,,0,2,2
236,Regular season,22.0,Sun,1/23/2022,15:00 (17:00),Clermont Foot,1.3,2–1,1.7,Rennes,"4,535",Stade Gabriel Montpied,Thomas Léonard,Match Report,,2,1,1
237,Regular season,22.0,Sun,1/23/2022,15:00 (17:00),Nantes,1.1,4–2,1.9,Lorient,"4,275",Stade de la Beaujoire - Louis Fonteneau,Pierre Gaillouste,Match Report,,4,2,1
238,Regular season,22.0,Sun,1/23/2022,15:00 (17:00),Angers,2.5,2–1,1.4,Troyes,"5,000",Stade Raymond Kopa,Romain Lissorgue,Match Report,,2,1,1
239,Regular season,22.0,Sun,1/23/2022,15:00 (17:00),Bordeaux,2.1,4–3,1.9,Strasbourg,"3,308",Stade Matmut-Atlantique,Mikael Lesage,Match Report,,4,3,1
240,Regular season,22.0,Sun,1/23/2022,17:05 (19:05),Montpellier,2.0,3–2,1.3,Monaco,"5,000",Stade de la Mosson,Jérémie Pignard,Match Report,,3,2,1
241,Regular season,22.0,Sun,1/23/2022,20:45 (22:45),Paris S-G,2.6,4–0,0.6,Reims,"5,000",Parc des Princes,Eric Wattellier,Match Report,,4,0,1
243,Regular season,20.0,Wed,1/26/2022,19:00 (21:00),Angers,0.4,0–1,0.6,Saint-Étienne,,Stade Raymond Kopa,Clément Turpin,Match Report,,0,1,2
245,Regular season,14.0,Tue,2/1/2022,21:00 (23:00),Lyon,1.1,2–1,0.7,Marseille,,Groupama Stadium,Benoît Bastien,Match Report,,2,1,1
247,Regular season,23.0,Fri,2/4/2022,21:00 (23:00),Marseille,2.6,5–2,0.5,Angers,"60,000",Orange Vélodrome,Jeremy Stinat,Match Report,,5,2,1
248,Regular season,23.0,Sat,2/5/2022,17:00 (19:00),Saint-Étienne,2.3,3–1,0.5,Montpellier,"20,000",Stade Geoffroy-Guichard,Thomas Léonard,Match Report,,3,1,1
249,Regular season,23.0,Sat,2/5/2022,21:00 (23:00),Monaco,2.3,2–0,1.6,Lyon,"6,550",Stade Louis II.,Ruddy Buquet,Match Report,,2,0,1
250,Regular season,23.0,Sun,2/6/2022,13:00 (15:00),Lorient,1.6,2–0,0.6,Lens,"10,687",Stade Yves Allainmat - Le Moustoir,Romain Lissorgue,Match Report,,2,0,1
251,Regular season,23.0,Sun,2/6/2022,15:00 (17:00),Reims,2.3,5–0,0.2,Bordeaux,"8,858",Stade Auguste-Delaune II,Antony Gautier,Match Report,,5,0,1
252,Regular season,23.0,Sun,2/6/2022,15:00 (17:00),Nice,1.2,0–1,1.6,Clermont Foot,"18,022",Stade de Nice,Jérôme Brisard,Match Report,,0,1,2
253,Regular season,23.0,Sun,2/6/2022,15:00 (17:00),Troyes,0.7,0–0,0.5,Metz,"7,227",Stade de l'Aube,Pierre Gaillouste,Match Report,,0,0,0
254,Regular season,23.0,Sun,2/6/2022,15:00 (17:00),Strasbourg,1.8,1–0,0.6,Nantes,"22,240",Stade de la Meinau,Amaury Delerue,Match Report,,1,0,1
255,Regular season,23.0,Sun,2/6/2022,17:00 (19:00),Rennes,2.4,2–0,0.3,Brest,"25,409",Roazhon Park,Johan Hamel,Match Report,,2,0,1
256,Regular season,23.0,Sun,2/6/2022,20:45 (22:45),Lille,1.4,1–5,3.6,Paris S-G,"48,437",Stade Pierre-Mauroy,François Letexier,Match Report,,1,5,2
258,Regular season,24.0,Fri,2/11/2022,21:00 (23:00),Paris S-G,1.2,1–0,1.0,Rennes,"47,000",Parc des Princes,Benoît Bastien,Match Report,,1,0,1
259,Regular season,24.0,Sat,2/12/2022,17:00 (19:00),Montpellier,1.1,0–1,1.5,Lille,"11,784",Stade de la Mosson,Stéphanie Frappart,Match Report,,0,1,2
260,Regular season,24.0,Sat,2/12/2022,21:00 (23:00),Lyon,2.7,2–0,0.1,Nice,"41,974",Groupama Stadium,Benoît Millot,Match Report,,2,0,1
261,Regular season,24.0,Sun,2/13/2022,13:00 (15:00),Monaco,1.4,0–0,0.2,Lorient,"3,963",Stade Louis II.,Bastien Dechepy,Match Report,,0,0,0
262,Regular season,24.0,Sun,2/13/2022,15:00 (17:00),Angers,0.8,0–1,0.3,Strasbourg,"6,521",Stade Raymond Kopa,Pierre Gaillouste,Match Report,,0,1,2
263,Regular season,24.0,Sun,2/13/2022,15:00 (17:00),Brest,3.0,5–1,0.4,Troyes,"10,600",Stade Francis-Le Blé,Florent Batta,Match Report,,5,1,1
264,Regular season,24.0,Sun,2/13/2022,15:00 (17:00),Nantes,0.7,1–0,0.7,Reims,"14,304",Stade de la Beaujoire - Louis Fonteneau,Johan Hamel,Match Report,,1,0,1
265,Regular season,24.0,Sun,2/13/2022,15:00 (17:00),Clermont Foot,0.8,1–2,0.8,Saint-Étienne,"12,131",Stade Gabriel Montpied,Ruddy Buquet,Match Report,,1,2,2
266,Regular season,24.0,Sun,2/13/2022,17:05 (19:05),Lens,2.1,3–2,0.9,Bordeaux,"32,662",Stade Bollaert-Delelis,François Letexier,Match Report,,3,2,1
267,Regular season,24.0,Sun,2/13/2022,20:45 (22:45),Metz,0.8,1–2,1.6,Marseille,"25,482",Stade Saint-Symphorien,Eric Wattellier,Match Report,,1,2,2
269,Regular season,25.0,Fri,2/18/2022,21:00 (23:00),Lille,1.8,0–0,0.4,Metz,"30,384",Stade Pierre-Mauroy,Bastien Dechepy,Match Report,,0,0,0
270,Regular season,25.0,Sat,2/19/2022,17:00 (19:00),Lens,1.1,1–1,1.3,Lyon,"36,624",Stade Bollaert-Delelis,Jérôme Brisard,Match Report,,1,1,0
271,Regular season,25.0,Sat,2/19/2022,21:00 (23:00),Nantes,2.5,3–1,3.9,Paris S-G,"35,500",Stade de la Beaujoire - Louis Fonteneau,Mikael Lesage,Match Report,,3,1,1
272,Regular season,25.0,Sun,2/20/2022,13:00 (15:00),Nice,0.9,1–0,1.0,Angers,"18,257",Stade de Nice,Romain Lissorgue,Match Report,,1,0,1
273,Regular season,25.0,Sun,2/20/2022,15:00 (17:00),Saint-Étienne,1.3,2–2,0.9,Strasbourg,"24,897",Stade Geoffroy-Guichard,Antony Gautier,Match Report,,2,2,0
274,Regular season,25.0,Sun,2/20/2022,15:00 (17:00),Reims,0.8,1–1,2.0,Brest,"9,307",Stade Auguste-Delaune II,Hakim Ben El Hadj Salem,Match Report,,1,1,0
275,Regular season,25.0,Sun,2/20/2022,15:00 (17:00),Rennes,3.1,4–1,0.7,Troyes,"22,967",Roazhon Park,Clément Turpin,Match Report,,4,1,1
276,Regular season,25.0,Sun,2/20/2022,15:00 (17:00),Lorient,0.9,0–1,0.5,Montpellier,"10,135",Stade Yves Allainmat - Le Moustoir,Jeremy Stinat,Match Report,,0,1,2
277,Regular season,25.0,Sun,2/20/2022,17:05 (19:05),Bordeaux,0.6,1–1,1.6,Monaco,"29,557",Stade Matmut-Atlantique,Jérémie Pignard,Match Report,,1,1,0
278,Regular season,25.0,Sun,2/20/2022,20:45 (22:45),Marseille,1.6,0–2,0.7,Clermont Foot,"53,840",Orange Vélodrome,Willy Delajod,Match Report,,0,2,2
280,Regular season,26.0,Fri,2/25/2022,21:00 (23:00),Montpellier,1.1,2–4,2.0,Rennes,"10,000",Stade de la Mosson,Amaury Delerue,Match Report,,2,4,2
281,Regular season,26.0,Sat,2/26/2022,17:00 (19:00),Strasbourg,1.1,0–0,0.2,Nice,"25,150",Stade de la Meinau,Stéphanie Frappart,Match Report,,0,0,0
282,Regular season,26.0,Sat,2/26/2022,21:00 (23:00),Paris S-G,2.6,3–1,1.0,Saint-Étienne,"45,000",Parc des Princes,Pierre Gaillouste,Match Report,,3,1,1
283,Regular season,26.0,Sun,2/27/2022,13:00 (15:00),Monaco,1.9,1–2,1.4,Reims,"3,982",Stade Louis II.,Benoît Millot,Match Report,,1,2,2
284,Regular season,26.0,Sun,2/27/2022,15:00 (17:00),Angers,0.7,1–2,0.6,Lens,"9,499",Stade Raymond Kopa,Thomas Léonard,Match Report,,1,2,2
285,Regular season,26.0,Sun,2/27/2022,15:00 (17:00),Metz,0.5,0–0,0.8,Nantes,"15,851",Stade Saint-Symphorien,Florent Batta,Match Report,,0,0,0
286,Regular season,26.0,Sun,2/27/2022,15:00 (17:00),Clermont Foot,0.7,1–1,1.0,Bordeaux,"12,032",Stade Gabriel Montpied,Eric Wattellier,Match Report,,1,1,0
287,Regular season,26.0,Sun,2/27/2022,15:00 (17:00),Brest,0.2,0–1,2.3,Lorient,"14,050",Stade Francis-Le Blé,Benoît Bastien,Match Report,,0,1,2
288,Regular season,26.0,Sun,2/27/2022,17:05 (19:05),Troyes,1.4,1–1,1.2,Marseille,"16,871",Stade de l'Aube,François Letexier,Match Report,,1,1,0
289,Regular season,26.0,Sun,2/27/2022,20:45 (22:45),Lyon,1.7,0–1,0.8,Lille,"42,647",Groupama Stadium,Clément Turpin,Match Report,,0,1,2
291,Regular season,27.0,Fri,3/4/2022,21:00 (23:00),Lorient,1.7,1–4,2.6,Lyon,"13,497",Stade Yves Allainmat - Le Moustoir,Romain Lissorgue,Match Report,,1,4,2
292,Regular season,27.0,Sat,3/5/2022,17:00 (19:00),Lens,1.8,0–1,0.5,Brest,"36,305",Stade Bollaert-Delelis,Johan Hamel,Match Report,,0,1,2
293,Regular season,27.0,Sat,3/5/2022,21:00 (23:00),Nice,1.0,1–0,0.8,Paris S-G,"31,949",Stade de Nice,Willy Delajod,Match Report,,1,0,1
294,Regular season,27.0,Sun,3/6/2022,13:00 (15:00),Saint-Étienne,1.4,1–0,0.7,Metz,"35,706",Stade Geoffroy-Guichard,Jeremy Stinat,Match Report,,1,0,1
295,Regular season,27.0,Sun,3/6/2022,15:00 (17:00),Nantes,1.8,2–0,0.2,Montpellier,"21,589",Stade de la Beaujoire - Louis Fonteneau,Hakim Ben El Hadj Salem,Match Report,,2,0,1
296,Regular season,27.0,Sun,3/6/2022,15:00 (17:00),Reims,0.8,1–1,0.9,Strasbourg,"10,405",Stade Auguste-Delaune II,Jérémie Pignard,Match Report,,1,1,0
297,Regular season,27.0,Sun,3/6/2022,15:00 (17:00),Rennes,2.1,2–0,0.5,Angers,"27,693",Roazhon Park,Benoît Millot,Match Report,,2,0,1
298,Regular season,27.0,Sun,3/6/2022,15:00 (17:00),Bordeaux,0.7,0–2,2.4,Troyes,"20,287",Stade Matmut-Atlantique,Ruddy Buquet,Match Report,,0,2,2
299,Regular season,27.0,Sun,3/6/2022,17:05 (19:05),Lille,2.1,4–0,0.9,Clermont Foot,"33,515",Stade Pierre-Mauroy,Thomas Léonard,Match Report,,4,0,1
300,Regular season,27.0,Sun,3/6/2022,20:45 (22:45),Marseille,1.1,0–1,0.7,Monaco,"56,510",Orange Vélodrome,Antony Gautier,Match Report,,0,1,2
302,Regular season,28.0,Fri,3/11/2022,21:00 (23:00),Lille,1.1,0–0,0.6,Saint-Étienne,"40,146",Stade Pierre-Mauroy,Florent Batta,Match Report,,0,0,0
303,Regular season,28.0,Sat,3/12/2022,17:00 (19:00),Montpellier,3.2,0–0,0.7,Nice,"11,658",Stade de la Mosson,Clément Turpin,Match Report,,0,0,0
304,Regular season,28.0,Sat,3/12/2022,21:00 (23:00),Troyes,1.9,1–0,0.5,Nantes,"7,400",Stade de l'Aube,Stéphanie Frappart,Match Report,,1,0,1
305,Regular season,28.0,Sun,3/13/2022,13:00 (15:00),Paris S-G,1.1,3–0,0.9,Bordeaux,"44,000",Parc des Princes,François Letexier,Match Report,,3,0,1
306,Regular season,28.0,Sun,3/13/2022,15:00 (17:00),Strasbourg,1.0,1–0,0.8,Monaco,"25,231",Stade de la Meinau,Eric Wattellier,Match Report,,1,0,1
307,Regular season,28.0,Sun,3/13/2022,15:00 (17:00),Clermont Foot,1.1,0–2,1.5,Lorient,"11,359",Stade Gabriel Montpied,Bastien Dechepy,Match Report,,0,2,2
308,Regular season,28.0,Sun,3/13/2022,15:00 (17:00),Metz,0.7,0–0,0.8,Lens,"15,687",Stade Saint-Symphorien,Amaury Delerue,Match Report,,0,0,0
309,Regular season,28.0,Sun,3/13/2022,15:00 (17:00),Angers,2.5,0–1,1.6,Reims,"5,960",Stade Raymond Kopa,Mikael Lesage,Match Report,,0,1,2
310,Regular season,28.0,Sun,3/13/2022,17:05 (19:05),Lyon,1.4,2–4,1.3,Rennes,"46,597",Groupama Stadium,Antony Gautier,Match Report,,2,4,2
311,Regular season,28.0,Sun,3/13/2022,20:45 (22:45),Brest,0.7,1–4,2.0,Marseille,"14,611",Stade Francis-Le Blé,Ruddy Buquet,Match Report,,1,4,2
313,Regular season,29.0,Fri,3/18/2022,21:00 (23:00),Saint-Étienne,1.4,1–1,1.2,Troyes,"32,193",Stade Geoffroy-Guichard,Romain Lissorgue,Match Report,,1,1,0
314,Regular season,29.0,Sat,3/19/2022,17:00 (19:00),Lens,1.8,3–1,1.5,Clermont Foot,"36,182",Stade Bollaert-Delelis,Jeremy Stinat,Match Report,,3,1,1
315,Regular season,29.0,Sat,3/19/2022,21:00 (23:00),Nantes,1.0,0–1,1.3,Lille,"25,977",Stade de la Beaujoire - Louis Fonteneau,Pierre Gaillouste,Match Report,,0,1,2
316,Regular season,29.0,Sun,3/20/2022,13:00 (15:00),Monaco,2.3,3–0,1.0,Paris S-G,"16,642",Stade Louis II.,Benoît Bastien,Match Report,,3,0,1
317,Regular season,29.0,Sun,3/20/2022,15:00 (17:00),Angers,2.1,1–0,1.3,Brest,"7,734",Stade Raymond Kopa,Jérémie Pignard,Match Report,,1,0,1
318,Regular season,29.0,Sun,3/20/2022,15:00 (17:00),Rennes,3.4,6–1,0.7,Metz,"27,966",Roazhon Park,Willy Delajod,Match Report,,6,1,1
319,Regular season,29.0,Sun,3/20/2022,15:00 (17:00),Bordeaux,4.0,0–2,0.7,Montpellier,"15,000",Stade Matmut-Atlantique,Thomas Léonard,Match Report,,0,2,2
320,Regular season,29.0,Sun,3/20/2022,15:00 (17:00),Lorient,0.6,0–0,1.5,Strasbourg,"9,806",Stade Yves Allainmat - Le Moustoir,Benoît Millot,Match Report,,0,0,0
321,Regular season,29.0,Sun,3/20/2022,17:05 (19:05),Reims,0.5,0–0,2.2,Lyon,"14,091",Stade Auguste-Delaune II,Johan Hamel,Match Report,,0,0,0
322,Regular season,29.0,Sun,3/20/2022,20:45 (22:45),Marseille,1.6,2–1,1.3,Nice,"64,722",Orange Vélodrome,Jérôme Brisard,Match Report,,2,1,1
324,Regular season,30.0,Sat,4/2/2022,17:00 (18:00),Nice,1.3,1–1,1.3,Rennes,"24,086",Stade de Nice,Benoît Bastien,Match Report,,1,1,0
325,Regular season,30.0,Sat,4/2/2022,19:00 (20:00),Lille,3.0,0–0,0.1,Bordeaux,"36,351",Stade Pierre-Mauroy,Bastien Dechepy,Match Report,,0,0,0
326,Regular season,30.0,Sun,4/3/2022,13:00 (14:00),Strasbourg,2.8,1–0,1.1,Lens,"26,005",Stade de la Meinau,François Letexier,Match Report,,1,0,1
327,Regular season,30.0,Sun,4/3/2022,15:00 (16:00),Metz,1.1,1–2,2.1,Monaco,"19,812",Stade Saint-Symphorien,Jérôme Brisard,Match Report,,1,2,2
328,Regular season,30.0,Sun,4/3/2022,15:00 (16:00),Saint-Étienne,0.2,2–4,3.9,Marseille,"41,278",Stade Geoffroy-Guichard,Clément Turpin,Match Report,,2,4,2
329,Regular season,30.0,Sun,4/3/2022,15:00 (16:00),Troyes,1.3,1–0,0.8,Reims,"9,482",Stade de l'Aube,Ruddy Buquet,Match Report,,1,0,1
330,Regular season,30.0,Sun,4/3/2022,15:00 (16:00),Montpellier,1.5,1–2,0.9,Brest,"10,929",Stade de la Mosson,Florent Batta,Match Report,,1,2,2
331,Regular season,30.0,Sun,4/3/2022,15:00 (16:00),Clermont Foot,0.9,2–3,1.8,Nantes,"11,785",Stade Gabriel Montpied,Mikael Lesage,Match Report,,2,3,2
332,Regular season,30.0,Sun,4/3/2022,17:05 (18:05),Lyon,1.7,3–2,1.7,Angers,"34,376",Groupama Stadium,Eric Wattellier,Match Report,,3,2,1
333,Regular season,30.0,Sun,4/3/2022,20:45 (21:45),Paris S-G,2.4,5–1,0.7,Lorient,"40,000",Parc des Princes,Hakim Ben El Hadj Salem,Match Report,,5,1,1
335,Regular season,31.0,Fri,4/8/2022,21:00 (22:00),Lorient,4.0,6–2,1.2,Saint-Étienne,"15,407",Stade Yves Allainmat - Le Moustoir,Ruddy Buquet,Match Report,,6,2,1
336,Regular season,31.0,Sat,4/9/2022,17:00 (18:00),Reims,2.7,2–3,1.8,Rennes,"10,243",Stade Auguste-Delaune II,Romain Lissorgue,Match Report,,2,3,2
337,Regular season,31.0,Sat,4/9/2022,21:00 (22:00),Clermont Foot,1.4,1–6,4.6,Paris S-G,"12,264",Stade Gabriel Montpied,Eric Wattellier,Match Report,,1,6,2
338,Regular season,31.0,Sun,4/10/2022,13:00 (14:00),Bordeaux,1.9,3–1,1.0,Metz,"21,652",Stade Matmut-Atlantique,Jérémie Pignard,Match Report,,3,1,1
339,Regular season,31.0,Sun,4/10/2022,15:00 (16:00),Monaco,0.7,2–1,0.9,Troyes,"4,786",Stade Louis II.,Mikael Lesage,Match Report,,2,1,1
340,Regular season,31.0,Sun,4/10/2022,15:00 (16:00),Angers,0.8,1–1,1.1,Lille,"9,286",Stade Raymond Kopa,Thomas Léonard,Match Report,,1,1,0
341,Regular season,31.0,Sun,4/10/2022,15:00 (16:00),Brest,1.4,1–1,1.1,Nantes,"13,145",Stade Francis-Le Blé,Johan Hamel,Match Report,,1,1,0
342,Regular season,31.0,Sun,4/10/2022,17:05 (18:05),Lens,0.6,3–0,1.6,Nice,"36,668",Stade Bollaert-Delelis,Willy Delajod,Match Report,,3,0,1
343,Regular season,31.0,Sun,4/10/2022,19:00 (20:00),Strasbourg,1.2,1–1,2.0,Lyon,"26,073",Stade de la Meinau,Clément Turpin,Match Report,,1,1,0
344,Regular season,31.0,Sun,4/10/2022,21:00 (22:00),Marseille,3.1,2–0,0.5,Montpellier,"51,131",Orange Vélodrome,Jeremy Stinat,Match Report,,2,0,1
346,Regular season,32.0,Fri,4/15/2022,21:00 (22:00),Rennes,1.7,2–3,2.8,Monaco,"28,336",Roazhon Park,Stéphanie Frappart,Match Report,,2,3,2
347,Regular season,32.0,Sat,4/16/2022,17:00 (18:00),Saint-Étienne,1.3,2–1,0.6,Brest,"27,227",Stade Geoffroy-Guichard,Eric Wattellier,Match Report,,2,1,1
348,Regular season,32.0,Sat,4/16/2022,21:00 (22:00),Lille,1.1,1–2,1.4,Lens,"48,169",Stade Pierre-Mauroy,Jérôme Brisard,Match Report,,1,2,2
349,Regular season,32.0,Sun,4/17/2022,13:00 (14:00),Nice,1.9,2–1,0.4,Lorient,"17,212",Stade de Nice,Amaury Delerue,Match Report,,2,1,1
350,Regular season,32.0,Sun,4/17/2022,15:00 (16:00),Nantes,3.4,1–1,0.9,Angers,"25,102",Stade de la Beaujoire - Louis Fonteneau,Bastien Dechepy,Match Report,,1,1,0
351,Regular season,32.0,Sun,4/17/2022,15:00 (16:00),Metz,0.4,1–1,3.4,Clermont Foot,"14,335",Stade Saint-Symphorien,Pierre Gaillouste,Match Report,,1,1,0
352,Regular season,32.0,Sun,4/17/2022,15:00 (16:00),Montpellier,1.4,0–0,1.3,Reims,"10,170",Stade de la Mosson,Antony Gautier,Match Report,,0,0,0
353,Regular season,32.0,Sun,4/17/2022,15:00 (16:00),Troyes,1.5,1–1,1.1,Strasbourg,"10,000",Stade de l'Aube,Benoît Millot,Match Report,,1,1,0
354,Regular season,32.0,Sun,4/17/2022,17:05 (18:05),Lyon,2.4,6–1,1.8,Bordeaux,"38,713",Groupama Stadium,Florent Batta,Match Report,,6,1,1
355,Regular season,32.0,Sun,4/17/2022,20:45 (21:45),Paris S-G,0.8,2–1,0.9,Marseille,"46,000",Parc des Princes,François Letexier,Match Report,,2,1,1
357,Regular season,33.0,Wed,4/20/2022,19:00 (20:00),Reims,1.7,2–1,1.3,Lille,"10,910",Stade Auguste-Delaune II,Hakim Ben El Hadj Salem,Match Report,,2,1,1
358,Regular season,33.0,Wed,4/20/2022,19:00 (20:00),Monaco,2.3,1–0,1.0,Nice,"10,247",Stade Louis II.,Benoît Millot,Match Report,,1,0,1
359,Regular season,33.0,Wed,4/20/2022,19:00 (20:00),Bordeaux,1.2,2–2,1.2,Saint-Étienne,"38,515",Stade Matmut-Atlantique,Benoît Bastien,Match Report,,2,2,0
360,Regular season,33.0,Wed,4/20/2022,19:00 (20:00),Lorient,2.0,1–0,1.8,Metz,"13,544",Stade Yves Allainmat - Le Moustoir,Mikael Lesage,Match Report,,1,0,1
361,Regular season,33.0,Wed,4/20/2022,19:00 (20:00),Troyes,1.5,0–1,0.3,Clermont Foot,"7,800",Stade de l'Aube,Jérémie Pignard,Match Report,,0,1,2
362,Regular season,33.0,Wed,4/20/2022,21:00 (22:00),Angers,0.8,0–3,2.1,Paris S-G,"13,000",Stade Raymond Kopa,Johan Hamel,Match Report,,0,3,2
363,Regular season,33.0,Wed,4/20/2022,21:00 (22:00),Strasbourg,2.8,2–1,1.2,Rennes,"25,148",Stade de la Meinau,Willy Delajod,Match Report,,2,1,1
364,Regular season,33.0,Wed,4/20/2022,21:00 (22:00),Lens,1.3,2–0,0.8,Montpellier,"36,250",Stade Bollaert-Delelis,Romain Lissorgue,Match Report,,2,0,1
365,Regular season,33.0,Wed,4/20/2022,21:00 (22:00),Brest,0.9,2–1,3.0,Lyon,"14,028",Stade Francis-Le Blé,Jeremy Stinat,Match Report,,2,1,1
366,Regular season,33.0,Wed,4/20/2022,21:00 (22:00),Marseille,2.0,3–2,0.6,Nantes,"55,890",Orange Vélodrome,Ruddy Buquet,Match Report,,3,2,1
368,Regular season,34.0,Sat,4/23/2022,17:00 (18:00),Lyon,4.4,5–2,2.1,Montpellier,"46,608",Groupama Stadium,François Letexier,Match Report,,5,2,1
369,Regular season,34.0,Sat,4/23/2022,19:00 (20:00),Saint-Étienne,1.1,1–4,3.1,Monaco,"30,018",Stade Geoffroy-Guichard,Bastien Dechepy,Match Report,,1,4,2
370,Regular season,34.0,Sat,4/23/2022,21:00 (22:00),Paris S-G,2.5,1–1,0.8,Lens,"47,000",Parc des Princes,Amaury Delerue,Match Report,,1,1,0
371,Regular season,34.0,Sun,4/24/2022,13:00 (14:00),Rennes,2.0,5–0,0.8,Lorient,"28,324",Roazhon Park,Benoît Millot,Match Report,,5,0,1
372,Regular season,34.0,Sun,4/24/2022,15:00 (16:00),Metz,0.6,0–1,2.0,Brest,"19,874",Stade Saint-Symphorien,Florent Batta,Match Report,,0,1,2
373,Regular season,34.0,Sun,4/24/2022,15:00 (16:00),Nantes,2.1,5–3,2.8,Bordeaux,"30,000",Stade de la Beaujoire - Louis Fonteneau,Clément Turpin,Match Report,,5,3,1
374,Regular season,34.0,Sun,4/24/2022,15:00 (16:00),Nice,2.3,1–0,0.4,Troyes,"17,065",Stade de Nice,Hakim Ben El Hadj Salem,Match Report,,1,0,1
375,Regular season,34.0,Sun,4/24/2022,15:00 (16:00),Clermont Foot,2.1,2–2,1.7,Angers,"11,531",Stade Gabriel Montpied,Stéphanie Frappart,Match Report,,2,2,0
376,Regular season,34.0,Sun,4/24/2022,17:05 (18:05),Lille,0.8,1–0,1.2,Strasbourg,"30,211",Stade Pierre-Mauroy,Jérémie Pignard,Match Report,,1,0,1
377,Regular season,34.0,Sun,4/24/2022,20:45 (21:45),Reims,0.7,0–1,0.9,Marseille,"20,835",Stade Auguste-Delaune II,Jérôme Brisard,Match Report,,0,1,2
379,Regular season,35.0,Fri,4/29/2022,21:00 (22:00),Strasbourg,1.9,3–3,3.0,Paris S-G,"26,052",Stade de la Meinau,Ruddy Buquet,Match Report,,3,3,0
380,Regular season,35.0,Sat,4/30/2022,17:00 (18:00),Lens,2.9,2–2,2.1,Nantes,"36,727",Stade Bollaert-Delelis,Thomas Léonard,Match Report,,2,2,0
381,Regular season,35.0,Sat,4/30/2022,21:00 (22:00),Rennes,1.8,2–0,0.8,Saint-Étienne,"27,390",Roazhon Park,Jeremy Stinat,Match Report,,2,0,1
382,Regular season,35.0,Sun,5/1/2022,13:00 (14:00),Troyes,2.9,3–0,0.4,Lille,"10,497",Stade de l'Aube,Willy Delajod,Match Report,,3,0,1
383,Regular season,35.0,Sun,5/1/2022,15:00 (16:00),Brest,1.7,2–0,1.5,Clermont Foot,"10,592",Stade Francis-Le Blé,Romain Lissorgue,Match Report,,2,0,1
384,Regular season,35.0,Sun,5/1/2022,15:00 (16:00),Monaco,3.2,2–0,0.7,Angers,"4,616",Stade Louis II.,Hakim Ben El Hadj Salem,Match Report,,2,0,1
385,Regular season,35.0,Sun,5/1/2022,15:00 (16:00),Montpellier,2.1,2–2,1.6,Metz,"10,446",Stade de la Mosson,Clément Turpin,Match Report,,2,2,0
386,Regular season,35.0,Sun,5/1/2022,15:00 (16:00),Lorient,2.0,1–2,2.2,Reims,"12,216",Stade Yves Allainmat - Le Moustoir,Pierre Gaillouste,Match Report,,1,2,2
387,Regular season,35.0,Sun,5/1/2022,17:05 (18:05),Bordeaux,0.3,0–1,2.7,Nice,"23,552",Stade Matmut-Atlantique,Johan Hamel,Match Report,,0,1,2
388,Regular season,35.0,Sun,5/1/2022,20:45 (21:45),Marseille,1.2,0–3,2.4,Lyon,"68,784",Orange Vélodrome,Antony Gautier,Match Report,,0,3,2
390,Regular season,36.0,Fri,5/6/2022,21:00 (22:00),Lille,1.5,1–2,0.5,Monaco,"39,088",Stade Pierre-Mauroy,François Letexier,Match Report,,1,2,2
391,Regular season,36.0,Sat,5/7/2022,17:00 (18:00),Brest,0.6,0–1,3.1,Strasbourg,"12,093",Stade Francis-Le Blé,Mikael Lesage,Match Report,,0,1,2
392,Regular season,36.0,Sun,5/8/2022,13:00 (14:00),Metz,2.0,3–2,2.4,Lyon,"20,405",Stade Saint-Symphorien,Eric Wattellier,Match Report,,3,2,1
393,Regular season,36.0,Sun,5/8/2022,15:00 (16:00),Clermont Foot,2.4,2–1,1.4,Montpellier,"11,587",Stade Gabriel Montpied,Benoît Bastien,Match Report,,2,1,1
394,Regular season,36.0,Sun,5/8/2022,15:00 (16:00),Angers,2.5,4–1,0.8,Bordeaux,"10,852",Stade Raymond Kopa,Benoît Millot,Match Report,,4,1,1
395,Regular season,36.0,Sun,5/8/2022,15:00 (16:00),Reims,0.9,1–2,2.3,Lens,"16,962",Stade Auguste-Delaune II,Vitor Ferreira Fernandes,Match Report,,1,2,2
396,Regular season,36.0,Sun,5/8/2022,17:05 (18:05),Lorient,0.4,0–3,1.6,Marseille,"16,210",Stade Yves Allainmat - Le Moustoir,Bastien Dechepy,Match Report,,0,3,2
397,Regular season,36.0,Sun,5/8/2022,20:45 (21:45),Paris S-G,2.5,2–2,1.9,Troyes,"45,000",Parc des Princes,Jérôme Brisard,Match Report,,2,2,0
398,Regular season,36.0,Wed,5/11/2022,19:00 (20:00),Nice,1.4,4–2,2.4,Saint-Étienne,"17,704",Stade de Nice,Ruddy Buquet,Match Report,,4,2,1
399,Regular season,36.0,Wed,5/11/2022,21:00 (22:00),Nantes,1.3,2–1,2.1,Rennes,"26,359",Stade de la Beaujoire - Louis Fonteneau,Antony Gautier,Match Report,,2,1,1
401,Regular season,37.0,Sat,5/14/2022,21:00 (22:00),Nice,1.9,1–3,2.1,Lille,"24,232",Stade de Nice,Thomas Léonard,Match Report,,1,3,2
402,Regular season,37.0,Sat,5/14/2022,21:00 (22:00),Bordeaux,1.3,0–0,1.2,Lorient,"23,191",Stade Matmut-Atlantique,Ruddy Buquet,Match Report,,0,0,0
403,Regular season,37.0,Sat,5/14/2022,21:00 (22:00),Montpellier,0.6,0–4,2.8,Paris S-G,"19,586",Stade de la Mosson,Jeremy Stinat,Match Report,,0,4,2
404,Regular season,37.0,Sat,5/14/2022,21:00 (22:00),Rennes,1.6,2–0,0.9,Marseille,"28,811",Roazhon Park,Benoît Bastien,Match Report,,2,0,1
405,Regular season,37.0,Sat,5/14/2022,21:00 (22:00),Monaco,4.1,4–2,1.8,Brest,"6,000",Stade Louis II.,Jérôme Brisard,Match Report,,4,2,1
406,Regular season,37.0,Sat,5/14/2022,21:00 (22:00),Troyes,0.3,1–3,1.2,Lens,"19,000",Stade de l'Aube,François Letexier,Match Report,,1,3,2
407,Regular season,37.0,Sat,5/14/2022,21:00 (22:00),Strasbourg,1.2,1–0,1.1,Clermont Foot,"25,231",Stade de la Meinau,Benoît Millot,Match Report,,1,0,1
408,Regular season,37.0,Sat,5/14/2022,21:00 (22:00),Metz,0.6,1–0,0.6,Angers,"17,213",Stade Saint-Symphorien,Jérémie Pignard,Match Report,,1,0,1
409,Regular season,37.0,Sat,5/14/2022,21:00 (22:00),Lyon,2.4,3–2,2.3,Nantes,"54,404",Groupama Stadium,Florent Batta,Match Report,,3,2,1
410,Regular season,37.0,Sat,5/14/2022,21:00 (22:00),Saint-Étienne,1.7,1–2,2.5,Reims,,Stade Geoffroy-Guichard,Clément Turpin,Match Report,,1,2,2
412,Regular season,38.0,Sat,5/21/2022,21:00 (22:00),Lille,1.9,2–2,1.4,Rennes,"40,116",Stade Pierre-Mauroy,Amaury Delerue,Match Report,,2,2,0
413,Regular season,38.0,Sat,5/21/2022,21:00 (22:00),Brest,1.1,2–4,3.4,Bordeaux,"14,484",Stade Francis-Le Blé,Hakim Ben El Hadj Salem,Match Report,,2,4,2
414,Regular season,38.0,Sat,5/21/2022,21:00 (22:00),Nantes,2.3,1–1,1.6,Saint-Étienne,"28,636",Stade de la Beaujoire - Louis Fonteneau,François Letexier,Match Report,,1,1,0
415,Regular season,38.0,Sat,5/21/2022,21:00 (22:00),Clermont Foot,2.5,1–2,2.9,Lyon,"12,000",Stade Gabriel Montpied,Mikael Lesage,Match Report,,1,2,2
416,Regular season,38.0,Sat,5/21/2022,21:00 (22:00),Angers,2.6,2–0,1.3,Montpellier,"11,249",Stade Raymond Kopa,Romain Lissorgue,Match Report,,2,0,1
417,Regular season,38.0,Sat,5/21/2022,21:00 (22:00),Lorient,1.6,1–1,0.7,Troyes,"15,131",Stade Yves Allainmat - Le Moustoir,Johan Hamel,Match Report,,1,1,0
418,Regular season,38.0,Sat,5/21/2022,21:00 (22:00),Paris S-G,5.4,5–0,0.8,Metz,"45,000",Parc des Princes,Antony Gautier,Match Report,,5,0,1
419,Regular season,38.0,Sat,5/21/2022,21:00 (22:00),Reims,0.9,2–3,2.3,Nice,"12,589",Stade Auguste-Delaune II,Eric Wattellier,Match Report,,2,3,2
420,Regular season,38.0,Sat,5/21/2022,21:00 (22:00),Marseille,2.3,4–0,1.2,Strasbourg,"63,873",Orange Vélodrome,Stéphanie Frappart,Match Report,,4,0,1
421,Regular season,38.0,Sat,5/21/2022,21:00 (22:00),Lens,2.1,2–2,1.5,Monaco,"37,764",Stade Bollaert-Delelis,Benoît Bastien,Match Report,,2,2,0
423,French 1/2 Relegation/Promotion Playoff,,Thu,5/26/2022,19:00 (20:00),Auxerre,,1–1,,Saint-Étienne,"17,479",Stade de l'Abbé Deschamps,,Match Report,Leg 1 of 2,1,1,0
424,French 1/2 Relegation/Promotion Playoff,,Sun,5/29/2022,19:00 (20:00),Saint-Étienne,,(4) 1–1 (5),,Auxerre,"24,489",Stade Geoffroy-Guichard,,Match Report,Leg 2 of 2; Auxerre won; Auxerre won on penalty kicks following extra time,(4) 1,1 (5),2
