Wk,Day,Date,Time,Home,xG,Score,xG,Away,Attendance,Venue,Referee,Match Report,Notes
1,Sat,8/18/2018,18:00 (19:00),Chievo,1.1,2–3,3.1,Juventus,"29,500",Stadio Marc'Antonio Bentegodi,Fabrizio Pasqua,Match Report,
1,Sat,8/18/2018,20:30 (21:30),Lazio,1,1–2,1.4,Napoli,"32,000",Stadio Olimpico,Luca Banti,Match Report,
1,Sun,8/19/2018,18:00 (19:00),Torino,0.6,0–1,1.2,Roma,"18,000",Stadio Olimpico di Torino,Marco Di Bello,Match Report,
1,Sun,8/19/2018,20:30 (21:30),Sassuolo,1.5,1–0,1.1,Inter,"19,104",Stadio Città del Tricolore,Maurizio Mariani,Match Report,
1,Sun,8/19/2018,20:30 (21:30),Empoli,1.3,2–0,0.9,Cagliari,"7,335",Stadio Carlo Castellani,Daniele Chiffi,Match Report,
1,Sun,8/19/2018,20:30 (21:30),Parma,1.5,2–2,1.9,Udinese,"13,141",Stadio Ennio Tardini,Giampaolo Calvarese,Match Report,
1,Sun,8/19/2018,20:30 (21:30),Bologna,1,0–1,0.6,SPAL,"21,158",Stadio Renato Dall'Ara,Piero Giacomelli,Match Report,
1,Mon,8/20/2018,20:30 (21:30),Atalanta,2.2,4–0,0.3,Frosinone,"18,217",Stadio Atleti Azzurri d'Italia,Marco Piccinini,Match Report,
,,,,,,,,,,,,,
2,Sat,8/25/2018,18:00 (19:00),Juventus,1.6,2–0,0.3,Lazio,"40,171",Allianz Stadium,Massimiliano Irrati,Match Report,
2,Sat,8/25/2018,20:30 (21:30),Napoli,1.4,3–2,0.7,Milan,"34,474",Stadio San Paolo,Paolo Valeri,Match Report,
2,Sun,8/26/2018,18:00 (19:00),SPAL,1.4,1–0,0.3,Parma,"6,000",Stadio Paolo Mazza,Daniele Orsato,Match Report,
2,Sun,8/26/2018,20:30 (21:30),Cagliari,1.3,2–2,1.8,Sassuolo,"14,432",Sardegna Arena,Luca Pairetto,Match Report,
2,Sun,8/26/2018,20:30 (21:30),Genoa,1.1,2–1,1.5,Empoli,"19,523",Stadio Comunale Luigi Ferraris,Livio Marinelli,Match Report,
2,Sun,8/26/2018,20:30 (21:30),Inter,0.8,2–2,1.1,Torino,"59,135",Stadio Giuseppe Meazza,Paolo Mazzoleni,Match Report,
2,Sun,8/26/2018,20:30 (21:30),Frosinone,1.7,0–0,0.9,Bologna,,Stadio Benito Stirpe,Gianluca Manganiello,Match Report,
2,Sun,8/26/2018,20:30 (21:30),Udinese,1.8,1–0,0.7,Sampdoria,"15,770",Dacia Arena,Federico La Penna,Match Report,
2,Sun,8/26/2018,20:30 (21:30),Fiorentina,3.5,6–1,0.7,Chievo,"27,790",Stadio Artemio Franchi,Rosario Abisso,Match Report,
2,Mon,8/27/2018,20:30 (21:30),Roma,2.5,3–3,3,Atalanta,"41,725",Stadio Olimpico,Michael Fabbri,Match Report,
,,,,,,,,,,,,,
3,Fri,8/31/2018,20:30 (21:30),Milan,1.9,2–1,0.3,Roma,"57,789",Stadio Giuseppe Meazza,Marco Guida,Match Report,
3,Sat,9/1/2018,18:00 (19:00),Bologna,0.5,0–3,1.9,Inter,"26,082",Stadio Renato Dall'Ara,Marco Di Bello,Match Report,
3,Sat,9/1/2018,20:30 (21:30),Parma,1.9,1–2,2.3,Juventus,"20,814",Stadio Ennio Tardini,Daniele Doveri,Match Report,
3,Sun,9/2/2018,18:00 (19:00),Fiorentina,0.9,1–0,0.2,Udinese,"31,009",Stadio Artemio Franchi,Antonio Giua,Match Report,
3,Sun,9/2/2018,20:30 (21:30),Torino,2,1–0,0.9,SPAL,"17,785",Stadio Olimpico di Torino,Fabrizio Pasqua,Match Report,
3,Sun,9/2/2018,20:30 (21:30),Chievo,1.1,0–0,1.2,Empoli,"8,100",Stadio Marc'Antonio Bentegodi,Piero Giacomelli,Match Report,
3,Sun,9/2/2018,20:30 (21:30),Sampdoria,0.8,3–0,1.2,Napoli,"19,835",Stadio Comunale Luigi Ferraris,Davide Massa,Match Report,
3,Sun,9/2/2018,20:30 (21:30),Atalanta,0.4,0–1,0.3,Cagliari,"17,709",Stadio Atleti Azzurri d'Italia,Fabio Maresca,Match Report,
3,Sun,9/2/2018,20:30 (21:30),Lazio,2.6,1–0,0.5,Frosinone,"34,465",Stadio Olimpico,Giampaolo Calvarese,Match Report,
3,Sun,9/2/2018,20:30 (21:30),Sassuolo,1.7,5–3,1.9,Genoa,"9,740",Stadio Città del Tricolore,Gianluca Rocchi,Match Report,
,,,,,,,,,,,,,
4,Sat,9/15/2018,15:00 (16:00),Inter,1.3,0–1,0.3,Parma,"59,648",Stadio Giuseppe Meazza,Gianluca Manganiello,Match Report,
4,Sat,9/15/2018,18:00 (19:00),Napoli,1.4,1–0,0.3,Fiorentina,"20,131",Stadio San Paolo,Michael Fabbri,Match Report,
4,Sat,9/15/2018,20:30 (21:30),Frosinone,0.7,0–5,2.5,Sampdoria,"12,502",Stadio Benito Stirpe,Massimiliano Irrati,Match Report,
4,Sun,9/16/2018,12:30 (13:30),Roma,2.4,2–2,1.6,Chievo,"39,849",Stadio Olimpico,Paolo Mazzoleni,Match Report,
4,Sun,9/16/2018,15:00 (16:00),Udinese,0.3,1–1,0.7,Torino,"18,813",Dacia Arena,Paolo Valeri,Match Report,
4,Sun,9/16/2018,15:00 (16:00),Juventus,2.4,2–1,0.8,Sassuolo,"40,563",Allianz Stadium,Daniele Chiffi,Match Report,
4,Sun,9/16/2018,15:00 (16:00),Genoa,0.7,1–0,0.8,Bologna,"20,032",Stadio Comunale Luigi Ferraris,Luca Banti,Match Report,
4,Sun,9/16/2018,18:00 (19:00),Empoli,1.6,0–1,2.4,Lazio,"10,832",Stadio Carlo Castellani,Daniele Orsato,Match Report,
4,Sun,9/16/2018,20:30 (21:30),Cagliari,0.5,1–1,2.1,Milan,"16,201",Sardegna Arena,Rosario Abisso,Match Report,
4,Mon,9/17/2018,20:30 (21:30),SPAL,1.7,2–0,0.8,Atalanta,"14,153",Stadio Paolo Mazza,Maurizio Mariani,Match Report,
,,,,,,,,,,,,,
1,Wed,9/19/2018,19:00 (20:00),Sampdoria,0.5,1–1,1.4,Fiorentina,"18,334",Stadio Comunale Luigi Ferraris,Fabio Maresca,Match Report,
,,,,,,,,,,,,,
5,Fri,9/21/2018,20:30 (21:30),Sassuolo,2.2,3–1,1.1,Empoli,"10,183",Stadio Città del Tricolore,Federico La Penna,Match Report,
5,Sat,9/22/2018,15:00 (16:00),Parma,2.3,2–0,0.9,Cagliari,"14,852",Stadio Ennio Tardini,Giampaolo Calvarese,Match Report,
5,Sat,9/22/2018,18:00 (19:00),Fiorentina,1.5,3–0,0.6,SPAL,"30,068",Stadio Artemio Franchi,Davide Ghersini,Match Report,
5,Sat,9/22/2018,20:30 (21:30),Sampdoria,0.4,0–1,0.9,Inter,"22,835",Stadio Comunale Luigi Ferraris,Marco Guida,Match Report,
5,Sun,9/23/2018,12:30 (13:30),Torino,1.2,1–3,2,Napoli,"22,655",Stadio Olimpico di Torino,Massimiliano Irrati,Match Report,
5,Sun,9/23/2018,15:00 (16:00),Lazio,2.9,4–1,0.7,Genoa,"30,000",Stadio Olimpico,Rosario Abisso,Match Report,
5,Sun,9/23/2018,15:00 (16:00),Bologna,0.9,2–0,2.9,Roma,"20,067",Stadio Renato Dall'Ara,Davide Massa,Match Report,
5,Sun,9/23/2018,15:00 (16:00),Chievo,1.5,0–2,1.1,Udinese,"10,000",Stadio Marc'Antonio Bentegodi,Luca Pairetto,Match Report,
5,Sun,9/23/2018,18:00 (19:00),Milan,2.6,2–2,1.8,Atalanta,"51,684",Stadio Giuseppe Meazza,Daniele Doveri,Match Report,
5,Sun,9/23/2018,20:30 (21:30),Frosinone,0.1,0–2,3,Juventus,"16,000",Stadio Benito Stirpe,Piero Giacomelli,Match Report,
,,,,,,,,,,,,,
6,Tue,9/25/2018,21:00 (22:00),Inter,1.7,2–1,1.8,Fiorentina,"55,840",Stadio Giuseppe Meazza,Paolo Mazzoleni,Match Report,
6,Wed,9/26/2018,19:00 (20:00),Udinese,0.9,1–2,1.6,Lazio,"19,455",Dacia Arena,Fabio Maresca,Match Report,
6,Wed,9/26/2018,21:00 (22:00),Napoli,2.6,3–0,0.1,Parma,"29,354",Stadio San Paolo,Daniele Doveri,Match Report,
6,Wed,9/26/2018,21:00 (22:00),Genoa,1.3,2–0,1.2,Chievo,"18,969",Stadio Comunale Luigi Ferraris,Fabrizio Pasqua,Match Report,
6,Wed,9/26/2018,21:00 (22:00),Cagliari,1,0–0,2.1,Sampdoria,"14,038",Sardegna Arena,Gianluca Rocchi,Match Report,
6,Wed,9/26/2018,21:00 (22:00),Roma,2.4,4–0,0.6,Frosinone,"34,380",Stadio Olimpico,Marco Di Bello,Match Report,
6,Wed,9/26/2018,21:00 (22:00),Juventus,1.1,2–0,0.3,Bologna,"38,472",Allianz Stadium,Maurizio Mariani,Match Report,
6,Wed,9/26/2018,21:00 (22:00),Atalanta,0.8,0–0,0.3,Torino,"18,144",Stadio Atleti Azzurri d'Italia,Daniele Orsato,Match Report,
6,Thu,9/27/2018,19:00 (20:00),SPAL,1.1,0–2,1.9,Sassuolo,"13,945",Stadio Paolo Mazza,Eugenio Abbattista,Match Report,
6,Thu,9/27/2018,21:00 (22:00),Empoli,1.2,1–1,1.4,Milan,"13,890",Stadio Carlo Castellani,Michael Fabbri,Match Report,
,,,,,,,,,,,,,
7,Sat,9/29/2018,15:00 (16:00),Roma,2,3–1,0.9,Lazio,"47,600",Stadio Olimpico,Gianluca Rocchi,Match Report,
7,Sat,9/29/2018,18:00 (19:00),Juventus,2.8,3–1,1.5,Napoli,"39,252",Allianz Stadium,Luca Banti,Match Report,
7,Sat,9/29/2018,20:30 (21:30),Inter,1,2–0,0.2,Cagliari,"55,486",Stadio Giuseppe Meazza,Davide Massa,Match Report,
7,Sun,9/30/2018,12:30 (13:30),Bologna,1.6,2–1,1,Udinese,"19,039",Stadio Renato Dall'Ara,Gianluca Manganiello,Match Report,
7,Sun,9/30/2018,15:00 (16:00),Chievo,0.3,0–1,1.6,Torino,"10,500",Stadio Marc'Antonio Bentegodi,Marco Guida,Match Report,
7,Sun,9/30/2018,15:00 (16:00),Fiorentina,1.1,2–0,0.8,Atalanta,"30,535",Stadio Artemio Franchi,Paolo Valeri,Match Report,
7,Sun,9/30/2018,15:00 (16:00),Frosinone,1.6,1–2,1,Genoa,"12,384",Stadio Benito Stirpe,Juan Sacchi,Match Report,
7,Sun,9/30/2018,18:00 (19:00),Parma,0.6,1–0,1.3,Empoli,"14,584",Stadio Ennio Tardini,Luca Pairetto,Match Report,
7,Sun,9/30/2018,20:30 (21:30),Sassuolo,0.7,1–4,1.2,Milan,"16,795",Stadio Città del Tricolore,Piero Giacomelli,Match Report,
7,Mon,10/1/2018,20:30 (21:30),Sampdoria,1.2,2–1,1.3,SPAL,"17,885",Stadio Comunale Luigi Ferraris,Federico La Penna,Match Report,
,,,,,,,,,,,,,
8,Fri,10/5/2018,20:30 (21:30),Torino,1.8,3–2,2,Frosinone,"16,554",Stadio Olimpico di Torino,Ivan Pezzuto,Match Report,
8,Sat,10/6/2018,15:00 (16:00),Cagliari,1.7,2–0,0.4,Bologna,"15,019",Sardegna Arena,Fabrizio Pasqua,Match Report,
8,Sat,10/6/2018,18:00 (19:00),Udinese,0.7,0–2,2.3,Juventus,"25,000",Dacia Arena,Rosario Abisso,Match Report,
8,Sat,10/6/2018,20:30 (21:30),Empoli,2.1,0–2,0.8,Roma,"10,670",Stadio Carlo Castellani,Paolo Mazzoleni,Match Report,
8,Sun,10/7/2018,12:30 (13:30),Genoa,1.8,1–3,1.2,Parma,"20,511",Stadio Comunale Luigi Ferraris,Daniele Chiffi,Match Report,
8,Sun,10/7/2018,15:00 (16:00),Milan,2.7,3–1,0.5,Chievo,"48,088",Stadio Giuseppe Meazza,Giampaolo Calvarese,Match Report,
8,Sun,10/7/2018,15:00 (16:00),Atalanta,2,0–1,0.5,Sampdoria,"19,164",Stadio Atleti Azzurri d'Italia,Massimiliano Irrati,Match Report,
8,Sun,10/7/2018,15:00 (16:00),Lazio,1.5,1–0,1.1,Fiorentina,"30,000",Stadio Olimpico,Daniele Orsato,Match Report,
8,Sun,10/7/2018,18:00 (19:00),Napoli,1.5,2–0,1,Sassuolo,"29,647",Stadio San Paolo,Marco Di Bello,Match Report,
8,Sun,10/7/2018,20:30 (21:30),SPAL,3,1–2,1.4,Inter,"15,750",Stadio Paolo Mazza,Fabio Maresca,Match Report,
,,,,,,,,,,,,,
9,Sat,10/20/2018,15:00 (16:00),Roma,1.6,0–2,1.6,SPAL,"39,838",Stadio Olimpico,Luca Pairetto,Match Report,
9,Sat,10/20/2018,18:00 (19:00),Juventus,1.8,1–1,1,Genoa,"37,735",Allianz Stadium,Federico La Penna,Match Report,
9,Sat,10/20/2018,20:30 (21:30),Udinese,2,0–3,1.8,Napoli,"21,449",Dacia Arena,Maurizio Mariani,Match Report,
9,Sun,10/21/2018,12:30 (13:30),Frosinone,1.1,3–3,1.6,Empoli,"12,287",Stadio Benito Stirpe,Daniele Orsato,Match Report,
9,Sun,10/21/2018,15:00 (16:00),Chievo,0.9,1–5,2.1,Atalanta,"12,000",Stadio Marc'Antonio Bentegodi,Gianluca Rocchi,Match Report,
9,Sun,10/21/2018,15:00 (16:00),Bologna,1.5,2–2,0.9,Torino,"23,245",Stadio Renato Dall'Ara,Luca Banti,Match Report,
9,Sun,10/21/2018,15:00 (16:00),Parma,0.2,0–2,2.8,Lazio,"18,969",Stadio Ennio Tardini,Michael Fabbri,Match Report,
9,Sun,10/21/2018,18:00 (19:00),Fiorentina,1.6,1–1,1,Cagliari,"31,567",Stadio Artemio Franchi,Piero Giacomelli,Match Report,
9,Sun,10/21/2018,20:30 (21:30),Inter,1.6,1–0,0.7,Milan,"78,275",Stadio Giuseppe Meazza,Marco Guida,Match Report,
9,Mon,10/22/2018,20:30 (21:30),Sampdoria,1.3,0–0,0.6,Sassuolo,"19,064",Stadio Comunale Luigi Ferraris,Francesco Fourneau,Match Report,
,,,,,,,,,,,,,
10,Sat,10/27/2018,15:00 (16:00),Atalanta,3.3,3–0,0.9,Parma,"18,152",Stadio Atleti Azzurri d'Italia,Rosario Abisso,Match Report,
10,Sat,10/27/2018,18:00 (19:00),Empoli,0.3,1–2,1.7,Juventus,"15,889",Stadio Carlo Castellani,Giampaolo Calvarese,Match Report,
10,Sat,10/27/2018,20:30 (21:30),Torino,0.9,1–1,1.2,Fiorentina,"17,871",Stadio Olimpico di Torino,Michael Fabbri,Match Report,
10,Sun,10/28/2018,12:30 (14:30),Sassuolo,2.2,2–2,1.3,Bologna,"12,647",Stadio Città del Tricolore,Daniele Doveri,Match Report,
10,Sun,10/28/2018,15:00 (17:00),SPAL,0.9,0–3,1,Frosinone,"13,676",Stadio Paolo Mazza,Daniele Chiffi,Match Report,
10,Sun,10/28/2018,15:00 (17:00),Genoa,1.7,2–2,0.5,Udinese,"18,880",Stadio Comunale Luigi Ferraris,Paolo Mazzoleni,Match Report,
10,Sun,10/28/2018,15:00 (17:00),Cagliari,1.5,2–1,1.2,Chievo,"15,805",Sardegna Arena,Marco Piccinini,Match Report,
10,Sun,10/28/2018,18:00 (20:00),Milan,2,3–2,0.6,Sampdoria,"47,347",Stadio Giuseppe Meazza,Fabio Maresca,Match Report,
10,Sun,10/28/2018,20:30 (22:30),Napoli,2.1,1–1,0.6,Roma,"30,037",Stadio San Paolo,Davide Massa,Match Report,
10,Mon,10/29/2018,20:30 (22:30),Lazio,1.4,0–3,1.9,Inter,"40,068",Stadio Olimpico,Massimiliano Irrati,Match Report,
,,,,,,,,,,,,,
1,Wed,10/31/2018,20:30 (22:30),Milan,1.4,2–1,0.4,Genoa,"46,720",Stadio Giuseppe Meazza,Fabrizio Pasqua,Match Report,
,,,,,,,,,,,,,
11,Fri,11/2/2018,20:30 (22:30),Napoli,2,5–1,1.2,Empoli,"31,370",Stadio San Paolo,Luca Pairetto,Match Report,
11,Sat,11/3/2018,15:00 (17:00),Inter,2.9,5–0,0.4,Genoa,"67,532",Stadio Giuseppe Meazza,Paolo Valeri,Match Report,
11,Sat,11/3/2018,18:00 (20:00),Fiorentina,1.3,1–1,1.6,Roma,"30,590",Stadio Artemio Franchi,Luca Banti,Match Report,
11,Sat,11/3/2018,20:30 (22:30),Juventus,1.8,3–1,0.7,Cagliari,"40,644",Allianz Stadium,Maurizio Mariani,Match Report,
11,Sun,11/4/2018,12:30 (14:30),Lazio,2.2,4–1,1.2,SPAL,"35,573",Stadio Olimpico,Marco Guida,Match Report,
11,Sun,11/4/2018,15:00 (17:00),Sampdoria,1.4,1–4,2.3,Torino,"20,364",Stadio Comunale Luigi Ferraris,Gianluca Rocchi,Match Report,
11,Sun,11/4/2018,15:00 (17:00),Parma,0.5,0–0,0.5,Frosinone,"14,004",Stadio Ennio Tardini,Gianluca Manganiello,Match Report,
11,Sun,11/4/2018,15:00 (17:00),Chievo,0.3,0–2,0.9,Sassuolo,"8,100",Stadio Marc'Antonio Bentegodi,Gianluca Aureliano,Match Report,
11,Sun,11/4/2018,18:00 (20:00),Bologna,1.9,1–2,1.7,Atalanta,"19,038",Stadio Renato Dall'Ara,Federico La Penna,Match Report,
11,Sun,11/4/2018,20:30 (22:30),Udinese,0.5,0–1,0.7,Milan,"23,540",Dacia Arena,Marco Di Bello,Match Report,
,,,,,,,,,,,,,
12,Fri,11/9/2018,20:30 (22:30),Frosinone,0.4,1–1,2.1,Fiorentina,"13,378",Stadio Benito Stirpe,Fabrizio Pasqua,Match Report,
12,Sat,11/10/2018,15:00 (17:00),Torino,2.6,1–2,1.6,Parma,"17,431",Stadio Olimpico di Torino,Davide Massa,Match Report,
12,Sat,11/10/2018,18:00 (20:00),SPAL,1.7,2–2,1.2,Cagliari,"13,250",Stadio Paolo Mazza,Daniele Doveri,Match Report,
12,Sat,11/10/2018,20:30 (22:30),Genoa,0.7,1–2,1.7,Napoli,"25,365",Stadio Comunale Luigi Ferraris,Rosario Abisso,Match Report,
12,Sun,11/11/2018,12:30 (14:30),Atalanta,3.4,4–1,1.4,Inter,"20,633",Stadio Atleti Azzurri d'Italia,Fabio Maresca,Match Report,
12,Sun,11/11/2018,15:00 (17:00),Roma,2.7,4–1,0.9,Sampdoria,"37,582",Stadio Olimpico,Massimiliano Irrati,Match Report,
12,Sun,11/11/2018,15:00 (17:00),Empoli,1.3,2–1,3.9,Udinese,"7,553",Stadio Carlo Castellani,Piero Giacomelli,Match Report,
12,Sun,11/11/2018,15:00 (17:00),Chievo,2.2,2–2,1.6,Bologna,"9,500",Stadio Marc'Antonio Bentegodi,Daniele Orsato,Match Report,
12,Sun,11/11/2018,18:00 (20:00),Sassuolo,0.7,1–1,1.6,Lazio,"11,317",Stadio Città del Tricolore,Giampaolo Calvarese,Match Report,
12,Sun,11/11/2018,20:30 (22:30),Milan,0.9,0–2,1.3,Juventus,"74,729",Stadio Giuseppe Meazza,Paolo Mazzoleni,Match Report,
,,,,,,,,,,,,,
13,Sat,11/24/2018,15:00 (17:00),Udinese,1.4,1–0,1.3,Roma,"21,986",Dacia Arena,Michael Fabbri,Match Report,
13,Sat,11/24/2018,18:00 (20:00),Juventus,1.6,2–0,0.5,SPAL,"41,052",Allianz Stadium,Federico La Penna,Match Report,
13,Sat,11/24/2018,20:30 (22:30),Inter,2.5,3–0,0.2,Frosinone,"63,645",Stadio Giuseppe Meazza,Luca Pairetto,Match Report,
13,Sun,11/25/2018,12:30 (14:30),Parma,2.1,2–1,1.5,Sassuolo,"14,354",Stadio Ennio Tardini,Paolo Valeri,Match Report,
13,Sun,11/25/2018,15:00 (17:00),Bologna,0.5,0–0,1.3,Fiorentina,"21,241",Stadio Renato Dall'Ara,Marco Di Bello,Match Report,
13,Sun,11/25/2018,15:00 (17:00),Empoli,2.2,3–2,1.9,Atalanta,"8,736",Stadio Carlo Castellani,Gianluca Manganiello,Match Report,
13,Sun,11/25/2018,15:00 (17:00),Napoli,1.5,0–0,0.4,Chievo,"44,468",Stadio San Paolo,Daniele Chiffi,Match Report,
13,Sun,11/25/2018,18:00 (20:00),Lazio,1.1,1–1,0.5,Milan,"38,269",Stadio Olimpico,Luca Banti,Match Report,
13,Sun,11/25/2018,20:30 (22:30),Genoa,2.1,1–1,0.6,Sampdoria,"31,756",Stadio Comunale Luigi Ferraris,Daniele Doveri,Match Report,
13,Mon,11/26/2018,20:30 (22:30),Cagliari,0.2,0–0,0.7,Torino,"15,804",Sardegna Arena,Fabrizio Pasqua,Match Report,
,,,,,,,,,,,,,
14,Sat,12/1/2018,15:00 (17:00),SPAL,0.8,2–2,2.1,Empoli,"12,622",Stadio Paolo Mazza,Paolo Mazzoleni,Match Report,
14,Sat,12/1/2018,18:00 (20:00),Fiorentina,1.3,0–3,1.7,Juventus,"40,872",Stadio Artemio Franchi,Daniele Orsato,Match Report,
14,Sat,12/1/2018,20:30 (22:30),Sampdoria,1.3,4–1,1.2,Bologna,"17,844",Stadio Comunale Luigi Ferraris,Rosario Abisso,Match Report,
14,Sun,12/2/2018,12:30 (14:30),Milan,1.4,2–1,1.4,Parma,"53,275",Stadio Giuseppe Meazza,Giampaolo Calvarese,Match Report,
14,Sun,12/2/2018,15:00 (17:00),Torino,2.2,2–1,1.6,Genoa,"15,324",Stadio Olimpico di Torino,Maurizio Mariani,Match Report,
14,Sun,12/2/2018,15:00 (17:00),Sassuolo,1.5,0–0,0.1,Udinese,"10,655",Stadio Città del Tricolore,Marco Guida,Match Report,
14,Sun,12/2/2018,15:00 (17:00),Frosinone,1.9,1–1,1.9,Cagliari,"12,377",Stadio Benito Stirpe,Marco Serra,Match Report,
14,Sun,12/2/2018,18:00 (20:00),Chievo,1,1–1,1.1,Lazio,"7,000",Stadio Marc'Antonio Bentegodi,Fabio Maresca,Match Report,
14,Sun,12/2/2018,20:30 (22:30),Roma,1.6,2–2,1.9,Inter,"41,009",Stadio Olimpico,Gianluca Rocchi,Match Report,
14,Mon,12/3/2018,20:30 (22:30),Atalanta,1.3,1–2,1.6,Napoli,"19,871",Stadio Atleti Azzurri d'Italia,Piero Giacomelli,Match Report,
,,,,,,,,,,,,,
15,Fri,12/7/2018,20:30 (22:30),Juventus,1.5,1–0,1,Inter,"41,495",Allianz Stadium,Massimiliano Irrati,Match Report,
15,Sat,12/8/2018,15:00 (17:00),Napoli,2.2,4–0,0.6,Frosinone,"34,631",Stadio San Paolo,Gianluca Manganiello,Match Report,
15,Sat,12/8/2018,18:00 (20:00),Cagliari,1.8,2–2,1.8,Roma,"14,938",Sardegna Arena,Paolo Mazzoleni,Match Report,
15,Sat,12/8/2018,20:30 (22:30),Lazio,4,2–2,0.8,Sampdoria,"28,000",Stadio Olimpico,Davide Massa,Match Report,
15,Sun,12/9/2018,12:30 (14:30),Sassuolo,1,3–3,2.2,Fiorentina,"11,436",Stadio Città del Tricolore,Daniele Chiffi,Match Report,
15,Sun,12/9/2018,15:00 (17:00),Udinese,1,1–3,2.2,Atalanta,"24,413",Dacia Arena,Giampaolo Calvarese,Match Report,
15,Sun,12/9/2018,15:00 (17:00),Parma,1.6,1–1,1.6,Chievo,"13,994",Stadio Ennio Tardini,Federico La Penna,Match Report,
15,Sun,12/9/2018,15:00 (17:00),Empoli,2,2–1,2.4,Bologna,"8,379",Stadio Carlo Castellani,Paolo Valeri,Match Report,
15,Sun,12/9/2018,18:00 (20:00),Genoa,1,1–1,2,SPAL,"19,571",Stadio Comunale Luigi Ferraris,Fabrizio Pasqua,Match Report,
15,Sun,12/9/2018,20:30 (22:30),Milan,1,0–0,1,Torino,"44,572",Stadio Giuseppe Meazza,Daniele Orsato,Match Report,
,,,,,,,,,,,,,
16,Sat,12/15/2018,18:00 (20:00),Inter,2.2,1–0,0.3,Udinese,"57,025",Stadio Giuseppe Meazza,Rosario Abisso,Match Report,
16,Sat,12/15/2018,20:30 (22:30),Torino,0.5,0–1,1.6,Juventus,"26,588",Stadio Olimpico di Torino,Marco Guida,Match Report,
16,Sun,12/16/2018,12:30 (14:30),SPAL,0.6,0–0,1.1,Chievo,"11,882",Stadio Paolo Mazza,Luca Banti,Match Report,
16,Sun,12/16/2018,15:00 (17:00),Frosinone,0.6,0–2,0.9,Sassuolo,"12,000",Stadio Benito Stirpe,Eugenio Abbattista,Match Report,
16,Sun,12/16/2018,15:00 (17:00),Sampdoria,1.5,2–0,0.5,Parma,"19,000",Stadio Comunale Luigi Ferraris,Luca Pairetto,Match Report,
16,Sun,12/16/2018,15:00 (17:00),Fiorentina,1.6,3–1,1.4,Empoli,"30,000",Stadio Artemio Franchi,Piero Giacomelli,Match Report,
16,Sun,12/16/2018,18:00 (20:00),Cagliari,0.6,0–1,1,Napoli,"15,081",Sardegna Arena,Daniele Doveri,Match Report,
16,Sun,12/16/2018,20:30 (22:30),Roma,1.9,3–2,2,Genoa,"29,111",Stadio Olimpico,Marco Di Bello,Match Report,
16,Mon,12/17/2018,20:30 (22:30),Atalanta,0.7,1–0,0.8,Lazio,"17,401",Stadio Atleti Azzurri d'Italia,Daniele Orsato,Match Report,
16,Tue,12/18/2018,20:30 (22:30),Bologna,0.4,0–0,0.6,Milan,"22,214",Stadio Renato Dall'Ara,Fabio Maresca,Match Report,
,,,,,,,,,,,,,
17,Sat,12/22/2018,12:30 (14:30),Lazio,2.7,3–1,1.8,Cagliari,"20,000",Stadio Olimpico,Gianluca Manganiello,Match Report,
17,Sat,12/22/2018,15:00 (17:00),Empoli,1.4,2–4,1.8,Sampdoria,"8,815",Stadio Carlo Castellani,Giampaolo Calvarese,Match Report,
17,Sat,12/22/2018,15:00 (17:00),Sassuolo,2.5,1–1,0.3,Torino,"11,148",Stadio Città del Tricolore,Luca Banti,Match Report,
17,Sat,12/22/2018,15:00 (17:00),Napoli,2.2,1–0,0.6,SPAL,"37,093",Stadio San Paolo,Federico La Penna,Match Report,
17,Sat,12/22/2018,15:00 (17:00),Milan,0.7,0–1,0.3,Fiorentina,"52,592",Stadio Giuseppe Meazza,Maurizio Mariani,Match Report,
17,Sat,12/22/2018,15:00 (17:00),Genoa,1.5,3–1,2.4,Atalanta,"19,841",Stadio Comunale Luigi Ferraris,Daniele Doveri,Match Report,
17,Sat,12/22/2018,15:00 (17:00),Udinese,0.4,1–1,1.4,Frosinone,"18,000",Dacia Arena,Paolo Valeri,Match Report,
17,Sat,12/22/2018,18:00 (20:00),Chievo,0.7,1–1,2.1,Inter,"22,000",Stadio Marc'Antonio Bentegodi,Fabrizio Pasqua,Match Report,
17,Sat,12/22/2018,18:00 (20:00),Parma,0.8,0–0,0.3,Bologna,"15,058",Stadio Ennio Tardini,Rosario Abisso,Match Report,
17,Sat,12/22/2018,20:30 (22:30),Juventus,1.5,1–0,0.4,Roma,"40,069",Allianz Stadium,Davide Massa,Match Report,
,,,,,,,,,,,,,
18,Wed,12/26/2018,12:30 (14:30),Frosinone,0.8,0–0,1.7,Milan,"15,217",Stadio Benito Stirpe,Marco Guida,Match Report,
18,Wed,12/26/2018,15:00 (17:00),Fiorentina,1.8,0–1,0.4,Parma,"31,767",Stadio Artemio Franchi,Michael Fabbri,Match Report,
18,Wed,12/26/2018,15:00 (17:00),Atalanta,1.4,2–2,1.1,Juventus,"19,787",Stadio Atleti Azzurri d'Italia,Luca Banti,Match Report,
18,Wed,12/26/2018,15:00 (17:00),Sampdoria,0.7,2–0,0.3,Chievo,"19,190",Stadio Comunale Luigi Ferraris,Antonio Giua,Match Report,
18,Wed,12/26/2018,15:00 (17:00),Cagliari,1.2,1–0,0.6,Genoa,"15,777",Sardegna Arena,Daniele Orsato,Match Report,
18,Wed,12/26/2018,15:00 (17:00),Bologna,0.2,0–2,1.1,Lazio,"19,230",Stadio Renato Dall'Ara,Luca Pairetto,Match Report,
18,Wed,12/26/2018,18:00 (20:00),SPAL,1,0–0,0.3,Udinese,"13,195",Stadio Paolo Mazza,Daniele Doveri,Match Report,
18,Wed,12/26/2018,18:00 (20:00),Torino,1.3,3–0,0.2,Empoli,"20,047",Stadio Olimpico di Torino,Fabio Maresca,Match Report,
18,Wed,12/26/2018,18:00 (20:00),Roma,3.3,3–1,0.7,Sassuolo,"35,893",Stadio Olimpico,Piero Giacomelli,Match Report,
18,Wed,12/26/2018,20:30 (22:30),Inter,1.3,1–0,0.8,Napoli,"63,946",Stadio Giuseppe Meazza,Paolo Mazzoleni,Match Report,
,,,,,,,,,,,,,
19,Sat,12/29/2018,12:30 (14:30),Juventus,1.4,2–1,1.7,Sampdoria,"40,641",Allianz Stadium,Paolo Valeri,Match Report,
19,Sat,12/29/2018,15:00 (17:00),Udinese,2.2,2–0,0.4,Cagliari,"20,000",Dacia Arena,Maurizio Mariani,Match Report,
19,Sat,12/29/2018,15:00 (17:00),Sassuolo,1.1,2–6,2.9,Atalanta,"8,000",Stadio Città del Tricolore,Fabrizio Pasqua,Match Report,
19,Sat,12/29/2018,15:00 (17:00),Genoa,0.5,0–0,1.6,Fiorentina,"21,000",Stadio Comunale Luigi Ferraris,Davide Massa,Match Report,
19,Sat,12/29/2018,15:00 (17:00),Chievo,1.4,1–0,0.7,Frosinone,"8,000",Stadio Marc'Antonio Bentegodi,Gianluca Rocchi,Match Report,
19,Sat,12/29/2018,15:00 (17:00),Lazio,0.9,1–1,1.8,Torino,"35,000",Stadio Olimpico,Massimiliano Irrati,Match Report,
19,Sat,12/29/2018,15:00 (17:00),Parma,0.5,0–2,1.8,Roma,"17,997",Stadio Ennio Tardini,Gianluca Manganiello,Match Report,
19,Sat,12/29/2018,15:00 (17:00),Empoli,0.5,0–1,1.1,Inter,"10,393",Stadio Carlo Castellani,Federico La Penna,Match Report,
19,Sat,12/29/2018,18:00 (20:00),Napoli,2,3–2,0.7,Bologna,"46,585",Stadio San Paolo,Giampaolo Calvarese,Match Report,
19,Sat,12/29/2018,20:30 (22:30),Milan,1.9,2–1,0.7,SPAL,"48,070",Stadio Giuseppe Meazza,Rosario Abisso,Match Report,
,,,,,,,,,,,,,
20,Sat,1/19/2019,15:00 (17:00),Roma,3.1,3–2,1.5,Torino,"32,978",Stadio Olimpico,Piero Giacomelli,Match Report,
20,Sat,1/19/2019,18:00 (20:00),Udinese,1.8,1–2,2.2,Parma,"15,000",Dacia Arena,Paolo Mazzoleni,Match Report,
20,Sat,1/19/2019,20:30 (22:30),Inter,1.2,0–0,1.2,Sassuolo,"11,000",Stadio Giuseppe Meazza,Luca Pairetto,Match Report,
20,Sun,1/20/2019,12:30 (14:30),Frosinone,0.8,0–5,2.4,Atalanta,"12,728",Stadio Benito Stirpe,Daniele Chiffi,Match Report,
20,Sun,1/20/2019,15:00 (17:00),Fiorentina,2.6,3–3,1.7,Sampdoria,"27,844",Stadio Artemio Franchi,Marco Di Bello,Match Report,
20,Sun,1/20/2019,15:00 (17:00),SPAL,1.5,1–1,1,Bologna,"14,524",Stadio Paolo Mazza,Michael Fabbri,Match Report,
20,Sun,1/20/2019,18:00 (20:00),Cagliari,0.9,2–2,1.2,Empoli,"13,796",Sardegna Arena,Fabrizio Pasqua,Match Report,
20,Sun,1/20/2019,20:30 (22:30),Napoli,1.8,2–1,1.4,Lazio,"19,448",Stadio San Paolo,Gianluca Rocchi,Match Report,
20,Mon,1/21/2019,15:00 (17:00),Genoa,1.9,0–2,1.4,Milan,"19,794",Stadio Comunale Luigi Ferraris,Daniele Orsato,Match Report,
20,Mon,1/21/2019,20:30 (22:30),Juventus,3.2,3–0,0.5,Chievo,"30,239",Allianz Stadium,Marco Piccinini,Match Report,
,,,,,,,,,,,,,
21,Sat,1/26/2019,15:00 (17:00),Sassuolo,4.1,3–0,0.6,Cagliari,"9,970",Stadio Città del Tricolore,Massimiliano Irrati,Match Report,
21,Sat,1/26/2019,18:00 (20:00),Sampdoria,2.8,4–0,0.4,Udinese,"18,020",Stadio Comunale Luigi Ferraris,Davide Massa,Match Report,
21,Sat,1/26/2019,20:30 (22:30),Milan,1,0–0,0.7,Napoli,"56,729",Stadio Giuseppe Meazza,Daniele Doveri,Match Report,
21,Sun,1/27/2019,12:30 (14:30),Chievo,2.9,3–4,1.9,Fiorentina,"10,000",Stadio Marc'Antonio Bentegodi,Daniele Chiffi,Match Report,
21,Sun,1/27/2019,15:00 (17:00),Parma,2.5,2–3,2,SPAL,"15,297",Stadio Ennio Tardini,Rosario Abisso,Match Report,
21,Sun,1/27/2019,15:00 (17:00),Atalanta,2.4,3–3,1.4,Roma,"19,459",Stadio Atleti Azzurri d'Italia,Giampaolo Calvarese,Match Report,
21,Sun,1/27/2019,15:00 (17:00),Bologna,0.8,0–4,1.4,Frosinone,"16,076",Stadio Renato Dall'Ara,Luca Banti,Match Report,
21,Sun,1/27/2019,18:00 (20:00),Torino,0.6,1–0,0.8,Inter,"22,002",Stadio Olimpico di Torino,Fabio Maresca,Match Report,
21,Sun,1/27/2019,20:30 (22:30),Lazio,1.6,1–2,1.2,Juventus,"60,687",Stadio Olimpico,Marco Guida,Match Report,
21,Mon,1/28/2019,20:30 (22:30),Empoli,1.7,1–3,2.1,Genoa,"7,675",Stadio Carlo Castellani,Federico La Penna,Match Report,
,,,,,,,,,,,,,
22,Sat,2/2/2019,15:00 (17:00),Empoli,2.1,2–2,1.4,Chievo,"7,030",Stadio Carlo Castellani,Marco Di Bello,Match Report,
22,Sat,2/2/2019,18:00 (20:00),Napoli,1.7,3–0,1,Sampdoria,"19,455",Stadio San Paolo,Luca Pairetto,Match Report,
22,Sat,2/2/2019,20:30 (22:30),Juventus,1.9,3–3,1.2,Parma,"39,548",Allianz Stadium,Piero Giacomelli,Match Report,
22,Sun,2/3/2019,12:30 (14:30),SPAL,0.8,0–0,0.5,Torino,"12,743",Stadio Paolo Mazza,Maurizio Mariani,Match Report,
22,Sun,2/3/2019,15:00 (17:00),Genoa,1,1–1,0.9,Sassuolo,"18,927",Stadio Comunale Luigi Ferraris,Gianluca Manganiello,Match Report,
22,Sun,2/3/2019,15:00 (17:00),Udinese,1.7,1–1,0.7,Fiorentina,"18,118",Stadio Benito Stirpe,Daniele Orsato,Match Report,
22,Sun,2/3/2019,18:00 (20:00),Inter,1.2,0–1,0.7,Bologna,"51,566",Stadio Giuseppe Meazza,Fabrizio Pasqua,Match Report,
22,Sun,2/3/2019,20:30 (22:30),Roma,2,1–1,0.7,Milan,"37,581",Stadio Olimpico,Fabio Maresca,Match Report,
22,Mon,2/4/2019,19:00 (21:00),Frosinone,1.1,0–1,1.2,Lazio,"13,221",Stadio Benito Stirpe,Michael Fabbri,Match Report,
22,Mon,2/4/2019,21:00 (23:00),Cagliari,1.1,0–1,0.9,Atalanta,"14,821",Sardegna Arena,Paolo Valeri,Match Report,
,,,,,,,,,,,,,
23,Thu,2/7/2019,20:30 (22:30),Lazio,1.8,1–0,0.5,Empoli,"28,121",Stadio Olimpico,Daniele Chiffi,Match Report,
23,Fri,2/8/2019,20:30 (22:30),Chievo,0.9,0–3,1.6,Roma,"15,000",Stadio Marc'Antonio Bentegodi,Rosario Abisso,Match Report,
23,Sat,2/9/2019,18:00 (20:00),Fiorentina,0.7,0–0,2.9,Napoli,"29,377",Stadio Artemio Franchi,Giampaolo Calvarese,Match Report,
23,Sat,2/9/2019,20:30 (22:30),Parma,0.5,0–1,2.2,Inter,"18,155",Stadio Ennio Tardini,Massimiliano Irrati,Match Report,
23,Sun,2/10/2019,12:30 (14:30),Bologna,1.1,1–1,1.2,Genoa,"17,385",Stadio Renato Dall'Ara,Gianluca Rocchi,Match Report,
23,Sun,2/10/2019,15:00 (17:00),Sampdoria,0.8,0–1,0.8,Frosinone,"18,937",Stadio Comunale Luigi Ferraris,Livio Marinelli,Match Report,
23,Sun,2/10/2019,15:00 (17:00),Atalanta,2,2–1,0.6,SPAL,"18,342",Stadio Atleti Azzurri d'Italia,Davide Massa,Match Report,
23,Sun,2/10/2019,15:00 (17:00),Torino,1.8,1–0,1.8,Udinese,"16,557",Stadio Olimpico di Torino,Marco Guida,Match Report,
23,Sun,2/10/2019,18:00 (20:00),Sassuolo,0.4,0–3,1.6,Juventus,"21,584",Stadio Città del Tricolore,Paolo Mazzoleni,Match Report,
23,Sun,2/10/2019,20:30 (22:30),Milan,2.1,3–0,1.3,Cagliari,"45,576",Stadio Giuseppe Meazza,Federico La Penna,Match Report,
,,,,,,,,,,,,,
24,Fri,2/15/2019,20:30 (22:30),Juventus,1.7,3–0,0.8,Frosinone,"10,570",Allianz Stadium,Antonio Giua,Match Report,
24,Sat,2/16/2019,18:00 (20:00),Cagliari,2.2,2–1,0.5,Parma,"16,119",Sardegna Arena,Gianluca Manganiello,Match Report,
24,Sat,2/16/2019,20:30 (22:30),Atalanta,1.1,1–3,0.7,Milan,"20,801",Stadio Atleti Azzurri d'Italia,Fabrizio Pasqua,Match Report,
24,Sun,2/17/2019,12:30 (14:30),SPAL,1.1,1–4,3.3,Fiorentina,"37,294",Stadio Paolo Mazza,Luca Pairetto,Match Report,
24,Sun,2/17/2019,15:00 (17:00),Empoli,1.8,3–0,0.9,Sassuolo,"7,202",Stadio Carlo Castellani,Maurizio Mariani,Match Report,
24,Sun,2/17/2019,15:00 (17:00),Genoa,1.9,2–1,0.6,Lazio,"19,936",Stadio Comunale Luigi Ferraris,Luca Banti,Match Report,
24,Sun,2/17/2019,15:00 (17:00),Udinese,1.4,1–0,2.2,Chievo,"18,008",Dacia Arena,Paolo Valeri,Match Report,
24,Sun,2/17/2019,18:00 (20:00),Inter,2.6,2–1,0.9,Sampdoria,"55,127",Stadio Giuseppe Meazza,Daniele Doveri,Match Report,
24,Sun,2/17/2019,20:30 (22:30),Napoli,2.4,0–0,0.5,Torino,"21,830",Stadio San Paolo,Michael Fabbri,Match Report,
24,Mon,2/18/2019,20:30 (22:30),Roma,1.6,2–1,2,Bologna,"31,572",Stadio Olimpico,Marco Di Bello,Match Report,
,,,,,,,,,,,,,
25,Fri,2/22/2019,20:30 (22:30),Milan,1.3,3–0,0.6,Empoli,"47,866",Stadio Giuseppe Meazza,Piero Giacomelli,Match Report,
25,Sat,2/23/2019,15:00 (17:00),Torino,1.4,2–0,0.6,Atalanta,"21,062",Stadio Olimpico di Torino,Daniele Orsato,Match Report,
25,Sat,2/23/2019,20:30 (22:30),Frosinone,1.7,2–3,2.3,Roma,"15,063",Stadio Benito Stirpe,Gianluca Manganiello,Match Report,
25,Sun,2/24/2019,12:30 (14:30),Sampdoria,2.3,1–0,0.7,Cagliari,"18,840",Stadio Comunale Luigi Ferraris,Luca Massimi,Match Report,
25,Sun,2/24/2019,15:00 (17:00),Sassuolo,0.5,1–1,1.3,SPAL,"11,554",Stadio Città del Tricolore,Fabio Maresca,Match Report,
25,Sun,2/24/2019,15:00 (17:00),Bologna,1.2,0–1,0.6,Juventus,"28,934",Stadio Renato Dall'Ara,Giampaolo Calvarese,Match Report,
25,Sun,2/24/2019,15:00 (17:00),Chievo,0.5,0–0,0.5,Genoa,"10,500",Stadio Marc'Antonio Bentegodi,Manuel Volpi,Match Report,
25,Sun,2/24/2019,18:00 (20:00),Parma,0.5,0–4,1.1,Napoli,"18,478",Stadio Ennio Tardini,Daniele Chiffi,Match Report,
25,Sun,2/24/2019,20:30 (22:30),Fiorentina,1.6,3–3,1.3,Inter,"32,824",Stadio Artemio Franchi,Rosario Abisso,Match Report,
,,,,,,,,,,,,,
26,Fri,3/1/2019,20:30 (22:30),Cagliari,1.8,2–1,2.1,Inter,"16,223",Sardegna Arena,Luca Banti,Match Report,
26,Sat,3/2/2019,15:00 (17:00),Empoli,2.7,3–3,1.3,Parma,"8,404",Stadio Carlo Castellani,Marco Di Bello,Match Report,
26,Sat,3/2/2019,18:00 (20:00),Milan,1.1,1–0,0.9,Sassuolo,"61,462",Stadio Giuseppe Meazza,Paolo Valeri,Match Report,
26,Sat,3/2/2019,20:30 (22:30),Lazio,2.1,3–0,1.1,Roma,"53,112",Stadio Olimpico,Paolo Mazzoleni,Match Report,
26,Sun,3/3/2019,12:30 (14:30),Torino,0.7,3–0,1.2,Chievo,"25,269",Stadio Olimpico di Torino,Federico La Penna,Match Report,
26,Sun,3/3/2019,15:00 (17:00),Genoa,0.9,0–0,0.2,Frosinone,"19,920",Stadio Comunale Luigi Ferraris,Maurizio Mariani,Match Report,
26,Sun,3/3/2019,15:00 (17:00),SPAL,0.8,1–2,0.9,Sampdoria,"12,731",Stadio Paolo Mazza,Fabrizio Pasqua,Match Report,
26,Sun,3/3/2019,15:00 (17:00),Udinese,1.5,2–1,1.6,Bologna,"18,349",Dacia Arena,Davide Massa,Match Report,
26,Sun,3/3/2019,18:00 (20:00),Atalanta,1.7,3–1,0.4,Fiorentina,"18,796",Stadio Atleti Azzurri d'Italia,Marco Guida,Match Report,
26,Sun,3/3/2019,20:30 (22:30),Napoli,2.1,1–2,0.3,Juventus,"42,667",Stadio San Paolo,Gianluca Rocchi,Match Report,
,,,,,,,,,,,,,
27,Fri,3/8/2019,20:30 (22:30),Juventus,2.3,4–1,0.2,Udinese,"39,987",Allianz Stadium,Daniele Chiffi,Match Report,
27,Sat,3/9/2019,18:00 (20:00),Parma,1.7,1–0,0.9,Genoa,"14,787",Stadio Ennio Tardini,Juan Sacchi,Match Report,
27,Sat,3/9/2019,20:30 (22:30),Chievo,0.3,1–2,1.4,Milan,"20,000",Stadio Marc'Antonio Bentegodi,Luca Pairetto,Match Report,
27,Sun,3/10/2019,12:30 (14:30),Bologna,3.3,2–0,0.8,Cagliari,"20,557",Stadio Renato Dall'Ara,Massimiliano Irrati,Match Report,
27,Sun,3/10/2019,15:00 (17:00),Sampdoria,2.1,1–2,2.3,Atalanta,"20,896",Stadio Comunale Luigi Ferraris,Michael Fabbri,Match Report,
27,Sun,3/10/2019,15:00 (17:00),Frosinone,1,1–2,1.1,Torino,"14,165",Stadio Benito Stirpe,Piero Giacomelli,Match Report,
27,Sun,3/10/2019,15:00 (17:00),Inter,0.8,2–0,0.2,SPAL,"61,339",Stadio Giuseppe Meazza,Giampaolo Calvarese,Match Report,
27,Sun,3/10/2019,18:00 (20:00),Sassuolo,1.2,1–1,0.8,Napoli,"14,969",Stadio Città del Tricolore,Gianluca Manganiello,Match Report,
27,Sun,3/10/2019,20:30 (22:30),Fiorentina,0.8,1–1,1.1,Lazio,"28,727",Stadio Artemio Franchi,Daniele Orsato,Match Report,
27,Mon,3/11/2019,20:30 (22:30),Roma,1,2–1,0.3,Empoli,"34,508",Stadio Olimpico,Fabio Maresca,Match Report,
,,,,,,,,,,,,,
28,Fri,3/15/2019,20:30 (22:30),Cagliari,1.8,2–1,0.7,Fiorentina,"14,735",Sardegna Arena,Daniele Doveri,Match Report,
28,Sat,3/16/2019,15:00 (17:00),Sassuolo,1.6,3–5,2.4,Sampdoria,"11,193",Stadio Città del Tricolore,Federico Dionisi,Match Report,
28,Sat,3/16/2019,18:00 (20:00),SPAL,1.2,2–1,1.7,Roma,"15,089",Stadio Paolo Mazza,Gianluca Rocchi,Match Report,
28,Sat,3/16/2019,20:30 (22:30),Torino,1.5,2–3,2,Bologna,"24,863",Stadio Olimpico di Torino,Maurizio Mariani,Match Report,
28,Sun,3/17/2019,12:30 (14:30),Genoa,1.3,2–0,0.3,Juventus,"30,695",Stadio Comunale Luigi Ferraris,Marco Di Bello,Match Report,
28,Sun,3/17/2019,15:00 (17:00),Lazio,1.7,4–1,0.4,Parma,"38,000",Stadio Olimpico,Luca Banti,Match Report,
28,Sun,3/17/2019,15:00 (17:00),Empoli,2.7,2–1,1.7,Frosinone,"10,000",Stadio Carlo Castellani,Davide Massa,Match Report,
28,Sun,3/17/2019,15:00 (17:00),Atalanta,1.7,1–1,0.7,Chievo,"18,537",Stadio Atleti Azzurri d'Italia,Massimiliano Irrati,Match Report,
28,Sun,3/17/2019,18:00 (20:00),Napoli,1,4–2,0.8,Udinese,"25,718",Stadio San Paolo,Paolo Valeri,Match Report,
28,Sun,3/17/2019,20:30 (22:30),Milan,0.9,2–3,2.6,Inter,"77,749",Stadio Giuseppe Meazza,Marco Guida,Match Report,
,,,,,,,,,,,,,
29,Fri,3/29/2019,20:30 (22:30),Chievo,0.9,0–3,1,Cagliari,"10,000",Stadio Marc'Antonio Bentegodi,Rosario Abisso,Match Report,
29,Sat,3/30/2019,15:00 (17:00),Udinese,2.1,2–0,2.2,Genoa,"17,072",Dacia Arena,Luca Pairetto,Match Report,
29,Sat,3/30/2019,18:00 (20:00),Juventus,1.5,1–0,0.3,Empoli,"39,290",Allianz Stadium,Federico La Penna,Match Report,
29,Sat,3/30/2019,20:30 (22:30),Sampdoria,1.9,1–0,0.7,Milan,"23,475",Stadio Comunale Luigi Ferraris,Daniele Orsato,Match Report,
29,Sun,3/31/2019,12:30 (13:30),Parma,1,1–3,3.8,Atalanta,"18,168",Stadio Ennio Tardini,Daniele Chiffi,Match Report,
29,Sun,3/31/2019,15:00 (16:00),Fiorentina,2.4,1–1,0.5,Torino,"36,707",Stadio Artemio Franchi,Fabrizio Pasqua,Match Report,
29,Sun,3/31/2019,15:00 (16:00),Roma,2,1–4,1.7,Napoli,"36,525",Stadio Olimpico,Giampaolo Calvarese,Match Report,
29,Sun,3/31/2019,15:00 (16:00),Frosinone,1.3,0–1,0.2,SPAL,"12,969",Stadio Benito Stirpe,Marco Di Bello,Match Report,
29,Sun,3/31/2019,18:00 (19:00),Bologna,1.7,2–1,0.7,Sassuolo,"23,551",Stadio Renato Dall'Ara,Marco Guida,Match Report,
29,Sun,3/31/2019,20:30 (21:30),Inter,1.1,0–1,1.4,Lazio,"56,348",Stadio Giuseppe Meazza,Paolo Mazzoleni,Match Report,
,,,,,,,,,,,,,
30,Tue,4/2/2019,19:00 (20:00),Milan,1.9,1–1,1,Udinese,"49,665",Stadio Giuseppe Meazza,Luca Banti,Match Report,
30,Tue,4/2/2019,21:00 (22:00),Cagliari,0.5,0–2,2.5,Juventus,"15,958",Sardegna Arena,Piero Giacomelli,Match Report,
30,Wed,4/3/2019,19:00 (20:00),Empoli,1.2,2–1,0.7,Napoli,"10,911",Stadio Carlo Castellani,Daniele Doveri,Match Report,
30,Wed,4/3/2019,21:00 (22:00),Torino,0.8,2–1,0.2,Sampdoria,"22,618",Stadio Olimpico di Torino,Fabio Maresca,Match Report,
30,Wed,4/3/2019,21:00 (22:00),Frosinone,1.9,3–2,2.1,Parma,"12,285",Stadio Benito Stirpe,Gianluca Manganiello,Match Report,
30,Wed,4/3/2019,21:00 (22:00),Genoa,0.6,0–4,2.4,Inter,"21,865",Stadio Comunale Luigi Ferraris,Maurizio Mariani,Match Report,
30,Wed,4/3/2019,21:00 (22:00),SPAL,1.2,1–0,0.6,Lazio,"13,415",Stadio Paolo Mazza,Marco Guida,Match Report,
30,Wed,4/3/2019,21:00 (22:00),Roma,1.2,2–2,0.7,Fiorentina,"30,123",Stadio Olimpico,Davide Massa,Match Report,
30,Thu,4/4/2019,19:00 (20:00),Sassuolo,1.6,4–0,1.6,Chievo,"9,193",Stadio Città del Tricolore,Lorenzo Maggioni,Match Report,
30,Thu,4/4/2019,21:00 (22:00),Atalanta,1.4,4–1,0.7,Bologna,"18,441",Stadio Atleti Azzurri d'Italia,Gianluca Rocchi,Match Report,
,,,,,,,,,,,,,
31,Sat,4/6/2019,15:00 (16:00),Parma,0.6,0–0,0.9,Torino,"16,924",Stadio Ennio Tardini,Daniele Doveri,Match Report,
31,Sat,4/6/2019,18:00 (19:00),Juventus,1.9,2–1,1.3,Milan,"40,057",Allianz Stadium,Michael Fabbri,Match Report,
31,Sat,4/6/2019,20:30 (21:30),Sampdoria,1.5,0–1,1.7,Roma,"19,594",Stadio Comunale Luigi Ferraris,Paolo Mazzoleni,Match Report,
31,Sun,4/7/2019,12:30 (13:30),Fiorentina,1.3,0–1,0.5,Frosinone,"26,958",Stadio Artemio Franchi,Daniele Chiffi,Match Report,
31,Sun,4/7/2019,15:00 (16:00),Udinese,2,3–2,1.5,Empoli,"22,537",Dacia Arena,Daniele Orsato,Match Report,
31,Sun,4/7/2019,15:00 (16:00),Cagliari,2.2,2–1,1.4,SPAL,"16,121",Sardegna Arena,Luca Banti,Match Report,
31,Sun,4/7/2019,18:00 (19:00),Inter,1,0–0,1.3,Atalanta,"35,000",Stadio Giuseppe Meazza,Massimiliano Irrati,Match Report,
31,Sun,4/7/2019,18:00 (19:00),Lazio,3.2,2–2,1.3,Sassuolo,"37,487",Stadio Olimpico,Rosario Abisso,Match Report,
31,Sun,4/7/2019,20:30 (21:30),Napoli,1.7,1–1,1.1,Genoa,"22,935",Stadio San Paolo,Fabrizio Pasqua,Match Report,
31,Mon,4/8/2019,20:30 (21:30),Bologna,3.1,3–0,0.4,Chievo,"19,107",Stadio Renato Dall'Ara,Luca Pairetto,Match Report,
,,,,,,,,,,,,,
32,Sat,4/13/2019,15:00 (16:00),SPAL,1.2,2–1,0.5,Juventus,"16,000",Stadio Paolo Mazza,Daniele Doveri,Match Report,
32,Sat,4/13/2019,18:00 (19:00),Roma,1.4,1–0,0.6,Udinese,"34,449",Stadio Olimpico,Marco Di Bello,Match Report,
32,Sat,4/13/2019,20:30 (21:30),Milan,1.6,1–0,1.2,Lazio,"61,216",Stadio Giuseppe Meazza,Gianluca Rocchi,Match Report,
32,Sun,4/14/2019,12:30 (13:30),Torino,1.3,1–1,0.9,Cagliari,"23,869",Stadio Olimpico di Torino,Massimiliano Irrati,Match Report,
32,Sun,4/14/2019,15:00 (16:00),Sampdoria,2.6,2–0,1,Genoa,"30,548",Stadio Comunale Luigi Ferraris,Giampaolo Calvarese,Match Report,
32,Sun,4/14/2019,15:00 (16:00),Fiorentina,0.8,0–0,0.2,Bologna,"29,394",Stadio Artemio Franchi,Piero Giacomelli,Match Report,
32,Sun,4/14/2019,15:00 (16:00),Sassuolo,1.2,0–0,0.9,Parma,"12,538",Stadio Città del Tricolore,Marco Piccinini,Match Report,
32,Sun,4/14/2019,18:00 (19:00),Chievo,0.2,1–3,1.1,Napoli,"13,500",Stadio Marc'Antonio Bentegodi,Federico La Penna,Match Report,
32,Sun,4/14/2019,20:30 (21:30),Frosinone,0.9,1–3,3,Inter,"15,856",Stadio Benito Stirpe,Davide Massa,Match Report,
32,Mon,4/15/2019,20:30 (21:30),Atalanta,5.4,0–0,0.2,Empoli,"19,229",Stadio Atleti Azzurri d'Italia,Gianluca Manganiello,Match Report,
,,,,,,,,,,,,,
25,Wed,4/17/2019,19:00 (20:00),Lazio,1,2–0,1.5,Udinese,"30,162",Stadio Olimpico,Giampaolo Calvarese,Match Report,
,,,,,,,,,,,,,
33,Sat,4/20/2019,12:30 (13:30),Parma,1,1–1,0.7,Milan,"20,018",Stadio Ennio Tardini,Paolo Valeri,Match Report,
33,Sat,4/20/2019,15:00 (16:00),Bologna,1.1,3–0,0.6,Sampdoria,"21,391",Stadio Renato Dall'Ara,Maurizio Mariani,Match Report,
33,Sat,4/20/2019,15:00 (16:00),Cagliari,1.4,1–0,0.9,Frosinone,"16,095",Sardegna Arena,Rosario Abisso,Match Report,
33,Sat,4/20/2019,15:00 (16:00),Lazio,2,1–2,0.9,Chievo,"25,000",Stadio Olimpico,Daniele Chiffi,Match Report,
33,Sat,4/20/2019,15:00 (16:00),Empoli,1.7,2–4,1.4,SPAL,"10,444",Stadio Carlo Castellani,Gianluca Rocchi,Match Report,
33,Sat,4/20/2019,15:00 (16:00),Genoa,1,0–1,0.7,Torino,"8,000",Stadio Comunale Luigi Ferraris,Daniele Doveri,Match Report,
33,Sat,4/20/2019,15:00 (16:00),Udinese,1.1,1–1,0.7,Sassuolo,"21,000",Dacia Arena,Luca Pairetto,Match Report,
33,Sat,4/20/2019,18:00 (19:00),Juventus,1,2–1,1.5,Fiorentina,"40,339",Allianz Stadium,Fabrizio Pasqua,Match Report,
33,Sat,4/20/2019,20:30 (21:30),Inter,1.6,1–1,0.5,Roma,"60,013",Stadio Giuseppe Meazza,Marco Guida,Match Report,
33,Mon,4/22/2019,19:00 (20:00),Napoli,1.6,1–2,1.4,Atalanta,"19,604",Stadio San Paolo,Daniele Orsato,Match Report,
,,,,,,,,,,,,,
34,Sat,4/27/2019,15:00 (16:00),Bologna,1.7,3–1,0.5,Empoli,"25,189",Stadio Renato Dall'Ara,Paolo Valeri,Match Report,
34,Sat,4/27/2019,18:00 (19:00),Roma,2.7,3–0,0.6,Cagliari,"35,964",Stadio Olimpico,Gianluca Manganiello,Match Report,
34,Sat,4/27/2019,20:30 (21:30),Inter,1.1,1–1,0.6,Juventus,"73,855",Stadio Giuseppe Meazza,Luca Banti,Match Report,
34,Sun,4/28/2019,12:30 (13:30),Frosinone,1.3,0–2,1.8,Napoli,"13,600",Stadio Benito Stirpe,Federico La Penna,Match Report,
34,Sun,4/28/2019,15:00 (16:00),Chievo,0.8,1–1,0.5,Parma,"7,000",Stadio Marc'Antonio Bentegodi,Juan Sacchi,Match Report,
34,Sun,4/28/2019,15:00 (16:00),SPAL,1,1–1,1.1,Genoa,"13,563",Stadio Paolo Mazza,Davide Massa,Match Report,
34,Sun,4/28/2019,18:00 (19:00),Sampdoria,1.8,1–2,1.5,Lazio,"18,450",Stadio Comunale Luigi Ferraris,Fabio Maresca,Match Report,
34,Sun,4/28/2019,20:30 (21:30),Torino,1.3,2–0,0.6,Milan,"26,849",Stadio Olimpico di Torino,Marco Guida,Match Report,
34,Mon,4/29/2019,19:00 (20:00),Atalanta,2,2–0,0.2,Udinese,"18,663",Stadio Atleti Azzurri d'Italia,Piero Giacomelli,Match Report,
34,Mon,4/29/2019,21:00 (22:00),Fiorentina,1.2,0–1,1.3,Sassuolo,"25,567",Stadio Artemio Franchi,Francesco Fourneau,Match Report,
,,,,,,,,,,,,,
35,Fri,5/3/2019,20:30 (21:30),Juventus,1.5,1–1,0.6,Torino,"38,530",Allianz Stadium,Daniele Orsato,Match Report,
35,Sat,5/4/2019,18:00 (19:00),Chievo,0.5,0–4,2,SPAL,"10,000",Stadio Marc'Antonio Bentegodi,Riccardo Ros,Match Report,
35,Sat,5/4/2019,20:30 (21:30),Udinese,0.4,0–0,2,Inter,"24,741",Dacia Arena,Gianluca Rocchi,Match Report,
35,Sun,5/5/2019,12:30 (13:30),Empoli,0.9,1–0,3.1,Fiorentina,"8,285",Stadio Carlo Castellani,Massimiliano Irrati,Match Report,
35,Sun,5/5/2019,15:00 (16:00),Lazio,0.3,1–3,1.9,Atalanta,"25,000",Stadio Olimpico,Giampaolo Calvarese,Match Report,
35,Sun,5/5/2019,15:00 (16:00),Parma,2.4,3–3,2.4,Sampdoria,"16,992",Stadio Ennio Tardini,Michael Fabbri,Match Report,
35,Sun,5/5/2019,15:00 (16:00),Sassuolo,2,2–2,0.9,Frosinone,"10,073",Stadio Città del Tricolore,Antonio Giua,Match Report,
35,Sun,5/5/2019,18:00 (19:00),Genoa,2.2,1–1,0.9,Roma,"20,703",Stadio Comunale Luigi Ferraris,Paolo Mazzoleni,Match Report,
35,Sun,5/5/2019,20:30 (21:30),Napoli,1.9,2–1,0.3,Cagliari,"16,171",Stadio San Paolo,Daniele Chiffi,Match Report,
35,Mon,5/6/2019,20:30 (21:30),Milan,1.1,2–1,1.1,Bologna,"51,472",Stadio Giuseppe Meazza,Marco Di Bello,Match Report,
,,,,,,,,,,,,,
36,Sat,5/11/2019,15:00 (16:00),Atalanta,1.6,2–1,1.8,Genoa,"12,000",Stadio Atleti Azzurri d'Italia,Massimiliano Irrati,Match Report,
36,Sat,5/11/2019,18:00 (19:00),Cagliari,1.4,1–2,1.7,Lazio,"16,179",Sardegna Arena,Michael Fabbri,Match Report,
36,Sat,5/11/2019,20:30 (21:30),Fiorentina,0.9,0–1,0.8,Milan,"33,250",Stadio Artemio Franchi,Maurizio Mariani,Match Report,
36,Sun,5/12/2019,12:30 (13:30),Torino,3.6,3–2,1,Sassuolo,"25,360",Stadio Olimpico di Torino,Piero Giacomelli,Match Report,
36,Sun,5/12/2019,15:00 (16:00),Frosinone,1.8,1–3,2,Udinese,"12,261",Stadio Benito Stirpe,Fabrizio Pasqua,Match Report,
36,Sun,5/12/2019,15:00 (16:00),Sampdoria,1.8,1–2,2.1,Empoli,"19,034",Stadio Comunale Luigi Ferraris,Daniele Doveri,Match Report,
36,Sun,5/12/2019,18:00 (19:00),SPAL,2.1,1–2,1.7,Napoli,"14,175",Stadio Paolo Mazza,Eugenio Abbattista,Match Report,
36,Sun,5/12/2019,20:30 (21:30),Roma,1.4,2–0,1,Juventus,"50,825",Stadio Olimpico,Davide Massa,Match Report,
36,Mon,5/13/2019,19:00 (20:00),Bologna,1.5,4–1,0.6,Parma,"20,656",Stadio Renato Dall'Ara,Luca Pairetto,Match Report,
36,Mon,5/13/2019,21:00 (22:00),Inter,1.8,2–0,0.2,Chievo,"57,855",Stadio Giuseppe Meazza,Paolo Valeri,Match Report,
,,,,,,,,,,,,,
37,Sat,5/18/2019,15:00 (16:00),Udinese,0.8,3–2,1.1,SPAL,"24,614",Dacia Arena,Michael Fabbri,Match Report,
37,Sat,5/18/2019,18:00 (19:00),Genoa,2.2,1–1,0.4,Cagliari,"22,768",Stadio Comunale Luigi Ferraris,Paolo Valeri,Match Report,
37,Sat,5/18/2019,20:30 (21:30),Sassuolo,1.1,0–0,1.9,Roma,"12,914",Stadio Città del Tricolore,Fabio Maresca,Match Report,
37,Sun,5/19/2019,12:30 (13:30),Chievo,0.7,0–0,0.8,Sampdoria,"10,000",Stadio Marc'Antonio Bentegodi,Gianluca Aureliano,Match Report,
37,Sun,5/19/2019,15:00 (16:00),Parma,0.6,1–0,1.1,Fiorentina,"17,333",Stadio Ennio Tardini,Piero Giacomelli,Match Report,
37,Sun,5/19/2019,15:00 (16:00),Empoli,2.6,4–1,1.1,Torino,"10,344",Stadio Carlo Castellani,Paolo Mazzoleni,Match Report,
37,Sun,5/19/2019,18:00 (19:00),Milan,1.7,2–0,2.2,Frosinone,"61,765",Stadio Giuseppe Meazza,Gianluca Manganiello,Match Report,
37,Sun,5/19/2019,20:30 (21:30),Juventus,1,1–1,1.3,Atalanta,"39,531",Allianz Stadium,Gianluca Rocchi,Match Report,
37,Sun,5/19/2019,20:30 (21:30),Napoli,1.2,4–1,2.2,Inter,"25,445",Stadio San Paolo,Daniele Doveri,Match Report,
37,Mon,5/20/2019,20:30 (21:30),Lazio,2.1,3–3,2.6,Bologna,"25,000",Stadio Olimpico,Fabrizio Pasqua,Match Report,
,,,,,,,,,,,,,
38,Sat,5/25/2019,18:00 (19:00),Frosinone,0.8,0–0,0.1,Chievo,"12,167",Stadio Benito Stirpe,Antonio Di Martino,Match Report,
38,Sat,5/25/2019,20:30 (21:30),Bologna,1,3–2,1.9,Napoli,"19,351",Stadio Renato Dall'Ara,Aleandro Di Paolo,Match Report,
38,Sun,5/26/2019,15:00 (16:00),Torino,2.2,3–1,1,Lazio,"24,428",Stadio Olimpico di Torino,Rosario Abisso,Match Report,
38,Sun,5/26/2019,18:00 (19:00),Sampdoria,0.7,2–0,0.5,Juventus,"22,856",Stadio Comunale Luigi Ferraris,Luigi Nasca,Match Report,
38,Sun,5/26/2019,20:30 (21:30),SPAL,0.6,2–3,1.8,Milan,"16,146",Stadio Paolo Mazza,Paolo Valeri,Match Report,
38,Sun,5/26/2019,20:30 (21:30),Atalanta,2.1,3–1,0.7,Sassuolo,"14,376",Stadio Atleti Azzurri d'Italia,Daniele Doveri,Match Report,
38,Sun,5/26/2019,20:30 (21:30),Inter,2.8,2–1,2.1,Empoli,"68,051",Stadio Giuseppe Meazza,Luca Banti,Match Report,
38,Sun,5/26/2019,20:30 (21:30),Roma,1.7,2–1,1,Parma,"62,304",Stadio Olimpico,Paolo Mazzoleni,Match Report,
38,Sun,5/26/2019,20:30 (21:30),Cagliari,3.1,1–2,0.6,Udinese,"15,378",Sardegna Arena,Manuel Volpi,Match Report,
38,Sun,5/26/2019,20:30 (21:30),Fiorentina,0.3,0–0,0.1,Genoa,"37,527",Stadio Artemio Franchi,Daniele Orsato,Match Report,
